<?xml version = '1.0' encoding = 'UTF-8'?>
<Diagram class="oracle.dbtools.crest.swingui.logical.DPVLogical" name="Logical" id="4A29600E-757A-A27F-8D3C-13E82075E65C">
<createdBy>fuent</createdBy>
<modifiedBy>fuent</modifiedBy>
<createdTime>2024-09-16 20:16:38 UTC</createdTime>
<autoRoute>false</autoRoute>
<boxInbox>true</boxInbox>
<showLegend>false</showLegend>
<showLabels>false</showLabels>
<showRelAttributes>false</showRelAttributes>
<gridEnabled>false</gridEnabled>
<showGrid>false</showGrid>
<diagramColor>-1</diagramColor>
<display>false</display>
<notation>1</notation>
<objectViews>
<OView class="oracle.dbtools.crest.swingui.logical.TVEntity" oid="10B1DBB9-9788-29E7-0477-97313EA9033F" otype="Entity" vid="BD461129-7C26-6C5A-DA44-04581D734E4B">
<hideElementsInCurrentOnly>false</hideElementsInCurrentOnly>
<bounds x="212" y="140" width="124" height="157"/>
</OView>
<OView class="oracle.dbtools.crest.swingui.logical.TVEntity" oid="347B957D-ADA5-108D-DA44-42BF3CC09D6A" otype="Entity" vid="C747D194-6170-9183-C5F9-A2639657FFC7">
<hideElementsInCurrentOnly>false</hideElementsInCurrentOnly>
<bounds x="835" y="7" width="135" height="132"/>
</OView>
<OView class="oracle.dbtools.crest.swingui.logical.TVEntity" oid="48BCAEF9-0161-D814-7C8F-8B7FBA24F75F" otype="Entity" vid="ADE4FB1C-0636-034A-C74C-FA5871B7B8A5">
<hideElementsInCurrentOnly>false</hideElementsInCurrentOnly>
<bounds x="633" y="29" width="134" height="114"/>
</OView>
<OView class="oracle.dbtools.crest.swingui.logical.TVEntity" oid="7ACEB01F-6660-0EF0-31EA-9658B00D2156" otype="Entity" vid="231EE918-1406-CCE1-FD0F-9F53CB179994">
<hideElementsInCurrentOnly>false</hideElementsInCurrentOnly>
<bounds x="106" y="16" width="122" height="105"/>
</OView>
<OView class="oracle.dbtools.crest.swingui.logical.TVEntity" oid="911B84B6-5D9E-83AF-F4F9-FCE3E73DE493" otype="Entity" vid="643D3148-4C1C-71C6-95D0-81D8076B2444">
<hideElementsInCurrentOnly>false</hideElementsInCurrentOnly>
<bounds x="415" y="198" width="158" height="97"/>
</OView>
<OView class="oracle.dbtools.crest.swingui.logical.TVEntity" oid="CF897BCF-ACFF-D021-57F3-B38FD6AC8AF2" otype="Entity" vid="7A2E0A79-C7DD-AD37-E833-7A4E418E38E5">
<hideElementsInCurrentOnly>false</hideElementsInCurrentOnly>
<bounds x="51" y="360" width="81" height="107"/>
</OView>
<OView class="oracle.dbtools.crest.swingui.logical.TVEntity" oid="DC73B22D-353B-8890-666F-E050A5AD5B51" otype="Entity" vid="F9441347-F43B-89F2-806B-77DA05A13BF7">
<hideElementsInCurrentOnly>false</hideElementsInCurrentOnly>
<bounds x="397" y="35" width="122" height="81"/>
</OView>
<OView class="oracle.dbtools.crest.swingui.logical.TVEntity" oid="EBC487FE-9A3B-B70C-E2BC-2D9CB6D60159" otype="Entity" vid="0092CAE6-D287-C3B0-4724-21C69DB19067">
<hideElementsInCurrentOnly>false</hideElementsInCurrentOnly>
<bounds x="14" y="168" width="140" height="134"/>
</OView>
<OView class="oracle.dbtools.crest.swingui.logical.TVEntity" oid="F3098AF1-1892-A681-33A3-898879B9EB16" otype="Entity" vid="0CECDCF4-1815-2308-A82A-4041369E3AFA">
<hideElementsInCurrentOnly>false</hideElementsInCurrentOnly>
<bounds x="636" y="211" width="118" height="102"/>
</OView>
<OView class="oracle.dbtools.crest.swingui.logical.TVEntity" oid="F93E0967-CE7D-94CD-04CB-7EF38FC5022D" otype="Entity" vid="2343C04E-DC99-7188-F0E6-101B775A4887">
<hideElementsInCurrentOnly>false</hideElementsInCurrentOnly>
<bounds x="426" y="357" width="154" height="95"/>
</OView>
<OView class="oracle.dbtools.crest.swingui.logical.TVEntity" oid="FB29F8C4-5965-6741-C0CC-F741ED4A045F" otype="Entity" vid="78BB0D1F-179F-1C5C-E466-F9B23061AE57">
<hideElementsInCurrentOnly>false</hideElementsInCurrentOnly>
<bounds x="643" y="341" width="187" height="125"/>
</OView>
<OView class="oracle.dbtools.crest.swingui.logical.TVEntity" oid="FCD96D7C-0F8E-FD82-3B10-982A7B6FA426" otype="Entity" vid="D0F156DE-52DF-13EB-C981-BA48C4E611DD">
<hideElementsInCurrentOnly>false</hideElementsInCurrentOnly>
<bounds x="828" y="194" width="163" height="115"/>
</OView>
</objectViews>
<connectors>
<Connector class="oracle.dbtools.crest.swingui.logical.TVRelation" oid="12FAAC96-7930-585E-3B1E-82D77C97268B" otype="Relation" vid_source="643D3148-4C1C-71C6-95D0-81D8076B2444" vid_target="2343C04E-DC99-7188-F0E6-101B775A4887">
<hideElementsInCurrentOnly>false</hideElementsInCurrentOnly>
<backgroundColor>-16777216</backgroundColor>
<lineWidth>1</lineWidth>
<points>
<point x="499" y="295"/>
<point x="499" y="357"/>
</points>
</Connector>
<Connector class="oracle.dbtools.crest.swingui.logical.TVRelation" oid="149CDCFB-5F7A-E6D9-CB44-6E3F56F897BD" otype="Relation" vid_source="BD461129-7C26-6C5A-DA44-04581D734E4B" vid_target="0092CAE6-D287-C3B0-4724-21C69DB19067">
<hideElementsInCurrentOnly>false</hideElementsInCurrentOnly>
<backgroundColor>-16777216</backgroundColor>
<lineWidth>1</lineWidth>
<points>
<point x="212" y="247"/>
<point x="154" y="247"/>
</points>
</Connector>
<Connector class="oracle.dbtools.crest.swingui.logical.TVRelation" oid="1BFEC266-6DB5-55EB-4DD4-0DD53E373E6B" otype="Relation" vid_source="7A2E0A79-C7DD-AD37-E833-7A4E418E38E5" vid_target="0092CAE6-D287-C3B0-4724-21C69DB19067">
<hideElementsInCurrentOnly>false</hideElementsInCurrentOnly>
<backgroundColor>-16777216</backgroundColor>
<lineWidth>1</lineWidth>
<points>
<point x="91" y="360"/>
<point x="91" y="302"/>
</points>
</Connector>
<Connector class="oracle.dbtools.crest.swingui.logical.TVRelation" oid="2161876F-2184-271F-DD4B-2B7AE3BFD111" otype="Relation" vid_source="ADE4FB1C-0636-034A-C74C-FA5871B7B8A5" vid_target="D0F156DE-52DF-13EB-C981-BA48C4E611DD">
<hideElementsInCurrentOnly>false</hideElementsInCurrentOnly>
<backgroundColor>-16777216</backgroundColor>
<lineWidth>1</lineWidth>
<points>
<point x="767" y="138"/>
<point x="836" y="194"/>
</points>
</Connector>
<Connector class="oracle.dbtools.crest.swingui.logical.TVRelation" oid="6BB33D2F-5E91-FCD4-69A0-7155A22E7384" otype="Relation" vid_source="BD461129-7C26-6C5A-DA44-04581D734E4B" vid_target="643D3148-4C1C-71C6-95D0-81D8076B2444">
<hideElementsInCurrentOnly>false</hideElementsInCurrentOnly>
<backgroundColor>-16777216</backgroundColor>
<lineWidth>1</lineWidth>
<points>
<point x="336" y="246"/>
<point x="415" y="246"/>
</points>
</Connector>
<Connector class="oracle.dbtools.crest.swingui.logical.TVRelation" oid="8D27F468-7963-E667-E8EA-DEE8E64F2E4B" otype="Relation" vid_source="F9441347-F43B-89F2-806B-77DA05A13BF7" vid_target="643D3148-4C1C-71C6-95D0-81D8076B2444">
<hideElementsInCurrentOnly>false</hideElementsInCurrentOnly>
<backgroundColor>-16777216</backgroundColor>
<lineWidth>1</lineWidth>
<points>
<point x="467" y="116"/>
<point x="467" y="198"/>
</points>
</Connector>
<Connector class="oracle.dbtools.crest.swingui.logical.TVRelation" oid="9F6C8EBD-BA7F-5B18-5982-E49C7B1A90B8" otype="Relation" vid_source="F9441347-F43B-89F2-806B-77DA05A13BF7" vid_target="231EE918-1406-CCE1-FD0F-9F53CB179994">
<hideElementsInCurrentOnly>false</hideElementsInCurrentOnly>
<backgroundColor>-16777216</backgroundColor>
<lineWidth>1</lineWidth>
<points>
<point x="397" y="75"/>
<point x="228" y="75"/>
</points>
</Connector>
<Connector class="oracle.dbtools.crest.swingui.logical.TVRelation" oid="AAA997DF-4EF3-81A9-93B1-9B4DAB75A1D4" otype="Relation" vid_source="ADE4FB1C-0636-034A-C74C-FA5871B7B8A5" vid_target="C747D194-6170-9183-C5F9-A2639657FFC7">
<hideElementsInCurrentOnly>false</hideElementsInCurrentOnly>
<backgroundColor>-16777216</backgroundColor>
<lineWidth>1</lineWidth>
<points>
<point x="767" y="84"/>
<point x="835" y="84"/>
</points>
</Connector>
<Connector class="oracle.dbtools.crest.swingui.logical.TVRelation" oid="AC0462B9-6EA6-3BAE-0267-47B16CA06894" otype="Relation" vid_source="643D3148-4C1C-71C6-95D0-81D8076B2444" vid_target="ADE4FB1C-0636-034A-C74C-FA5871B7B8A5">
<hideElementsInCurrentOnly>false</hideElementsInCurrentOnly>
<backgroundColor>-16777216</backgroundColor>
<lineWidth>1</lineWidth>
<points>
<point x="556" y="198"/>
<point x="633" y="138"/>
</points>
</Connector>
<Connector class="oracle.dbtools.crest.swingui.logical.TVRelation" oid="E9D5A562-AE38-2DE6-E4C4-9577F436E562" otype="Relation" vid_source="643D3148-4C1C-71C6-95D0-81D8076B2444" vid_target="0CECDCF4-1815-2308-A82A-4041369E3AFA">
<hideElementsInCurrentOnly>false</hideElementsInCurrentOnly>
<backgroundColor>-16777216</backgroundColor>
<lineWidth>1</lineWidth>
<points>
<point x="573" y="253"/>
<point x="636" y="253"/>
</points>
</Connector>
<Connector class="oracle.dbtools.crest.swingui.logical.TVRelation" oid="FAE3FB3E-F3B4-71BC-AD32-D51F0B50CE5F" otype="Relation" vid_source="BD461129-7C26-6C5A-DA44-04581D734E4B" vid_target="F9441347-F43B-89F2-806B-77DA05A13BF7">
<hideElementsInCurrentOnly>false</hideElementsInCurrentOnly>
<backgroundColor>-16777216</backgroundColor>
<lineWidth>1</lineWidth>
<points>
<point x="336" y="170"/>
<point x="405" y="116"/>
</points>
</Connector>
<Connector class="oracle.dbtools.crest.swingui.logical.TVRelation" oid="FEDE0383-ACBB-DDE3-B57C-35A509ADC45C" otype="Relation" vid_source="2343C04E-DC99-7188-F0E6-101B775A4887" vid_target="78BB0D1F-179F-1C5C-E466-F9B23061AE57">
<hideElementsInCurrentOnly>false</hideElementsInCurrentOnly>
<backgroundColor>-16777216</backgroundColor>
<lineWidth>1</lineWidth>
<points>
<point x="580" y="404"/>
<point x="643" y="404"/>
</points>
</Connector>
</connectors>
</Diagram>