<?xml version = '1.0' encoding = 'UTF-8'?>
<Relation class="oracle.dbtools.crest.model.design.logical.Relation" name="Relation_18" directorySegmentName="seg_0" id="12FAAC96-7930-585E-3B1E-82D77C97268B">
<createdBy>fuent</createdBy>
<createdTime>2024-09-17 00:18:02 UTC</createdTime>
<ownerDesignName>EXP2_S6_CESAR_FUENTES</ownerDesignName>
<engineerTo>
<item key="6DD44FDB-5874-F04F-C0E3-5757EDB76A09" value="true"/>
</engineerTo>
<sourcePk>C503183B-1B09-029D-13DC-46BFF6555104</sourcePk>
<targetPk>F6E30944-F821-B96D-417D-3D04A94F5F95</targetPk>
<identifying>false</identifying>
<optionalSource>false</optionalSource>
<optionalTarget>false</optionalTarget>
<sourceCardinality>1</sourceCardinality>
<sourceEntity>911B84B6-5D9E-83AF-F4F9-FCE3E73DE493</sourceEntity>
<targetCardinalityString>1</targetCardinalityString>
<targetEntity>F93E0967-CE7D-94CD-04CB-7EF38FC5022D</targetEntity>
<transferable>true</transferable>
<deleteRule>NO ACTION</deleteRule>
</Relation>