<?xml version = '1.0' encoding = 'UTF-8'?>
<Relation class="oracle.dbtools.crest.model.design.logical.Relation" name="Relation_2" directorySegmentName="seg_0" id="149CDCFB-5F7A-E6D9-CB44-6E3F56F897BD">
<createdBy>fuent</createdBy>
<createdTime>2024-09-16 23:14:37 UTC</createdTime>
<ownerDesignName>EXP2_S6_CESAR_FUENTES</ownerDesignName>
<engineerTo>
<item key="6DD44FDB-5874-F04F-C0E3-5757EDB76A09" value="true"/>
</engineerTo>
<sourcePk>6FBD952D-647E-F861-743D-F78F50301DCA</sourcePk>
<targetPk>9A2C190A-6FF4-A0E8-A87A-29B224C3262B</targetPk>
<identifying>false</identifying>
<optionalSource>false</optionalSource>
<optionalTarget>false</optionalTarget>
<sourceCardinality>1</sourceCardinality>
<sourceEntity>10B1DBB9-9788-29E7-0477-97313EA9033F</sourceEntity>
<targetCardinalityString>*</targetCardinalityString>
<targetEntity>EBC487FE-9A3B-B70C-E2BC-2D9CB6D60159</targetEntity>
<transferable>true</transferable>
<deleteRule>NO ACTION</deleteRule>
</Relation>