<?xml version = '1.0' encoding = 'UTF-8'?>
<Relation class="oracle.dbtools.crest.model.design.logical.Relation" name="Relation_16" directorySegmentName="seg_0" id="1BFEC266-6DB5-55EB-4DD4-0DD53E373E6B">
<createdBy>fuent</createdBy>
<createdTime>2024-09-17 00:16:11 UTC</createdTime>
<ownerDesignName>EXP2_S6_CESAR_FUENTES</ownerDesignName>
<engineerTo>
<item key="6DD44FDB-5874-F04F-C0E3-5757EDB76A09" value="true"/>
</engineerTo>
<sourcePk>2FA93DAE-37DB-2F84-DD1D-06B82F4FA5A8</sourcePk>
<identifying>false</identifying>
<optionalSource>false</optionalSource>
<optionalTarget>false</optionalTarget>
<sourceCardinality>1</sourceCardinality>
<sourceEntity>CF897BCF-ACFF-D021-57F3-B38FD6AC8AF2</sourceEntity>
<targetCardinalityString>*</targetCardinalityString>
<targetEntity>EBC487FE-9A3B-B70C-E2BC-2D9CB6D60159</targetEntity>
<transferable>true</transferable>
<deleteRule>NO ACTION</deleteRule>
</Relation>