<?xml version = '1.0' encoding = 'UTF-8'?>
<Relation class="oracle.dbtools.crest.model.design.logical.Relation" name="Relation_12" directorySegmentName="seg_0" id="2161876F-2184-271F-DD4B-2B7AE3BFD111">
<createdBy>fuent</createdBy>
<createdTime>2024-09-16 23:42:00 UTC</createdTime>
<ownerDesignName>EXP2_S6_CESAR_FUENTES</ownerDesignName>
<engineerTo>
<item key="6DD44FDB-5874-F04F-C0E3-5757EDB76A09" value="true"/>
</engineerTo>
<sourcePk>EAC88839-DD46-CB64-5EC3-1353E6A83C72</sourcePk>
<identifying>true</identifying>
<optionalSource>true</optionalSource>
<optionalTarget>false</optionalTarget>
<sourceCardinality>1</sourceCardinality>
<sourceEntity>48BCAEF9-0161-D814-7C8F-8B7FBA24F75F</sourceEntity>
<targetCardinalityString>*</targetCardinalityString>
<targetEntity>FCD96D7C-0F8E-FD82-3B10-982A7B6FA426</targetEntity>
<transferable>true</transferable>
<deleteRule>NO ACTION</deleteRule>
</Relation>