<?xml version = '1.0' encoding = 'UTF-8'?>
<Relation class="oracle.dbtools.crest.model.design.logical.Relation" name="Relation_6" directorySegmentName="seg_0" id="6BB33D2F-5E91-FCD4-69A0-7155A22E7384">
<createdBy>fuent</createdBy>
<createdTime>2024-09-16 23:19:10 UTC</createdTime>
<ownerDesignName>EXP2_S6_CESAR_FUENTES</ownerDesignName>
<engineerTo>
<item key="6DD44FDB-5874-F04F-C0E3-5757EDB76A09" value="true"/>
</engineerTo>
<sourcePk>6FBD952D-647E-F861-743D-F78F50301DCA</sourcePk>
<identifying>false</identifying>
<optionalSource>false</optionalSource>
<optionalTarget>true</optionalTarget>
<sourceCardinality>1</sourceCardinality>
<sourceEntity>10B1DBB9-9788-29E7-0477-97313EA9033F</sourceEntity>
<targetCardinalityString>*</targetCardinalityString>
<targetEntity>911B84B6-5D9E-83AF-F4F9-FCE3E73DE493</targetEntity>
<transferable>true</transferable>
<deleteRule>NO ACTION</deleteRule>
</Relation>