<?xml version = '1.0' encoding = 'UTF-8'?>
<Relation class="oracle.dbtools.crest.model.design.logical.Relation" name="Relation_7" directorySegmentName="seg_0" id="8D27F468-7963-E667-E8EA-DEE8E64F2E4B">
<createdBy>fuent</createdBy>
<createdTime>2024-09-16 23:21:15 UTC</createdTime>
<ownerDesignName>EXP2_S6_CESAR_FUENTES</ownerDesignName>
<engineerTo>
<item key="6DD44FDB-5874-F04F-C0E3-5757EDB76A09" value="true"/>
</engineerTo>
<sourcePk>EC8998D0-C6F5-0B81-4C4D-78807E30978C</sourcePk>
<identifying>false</identifying>
<optionalSource>false</optionalSource>
<optionalTarget>true</optionalTarget>
<sourceCardinality>1</sourceCardinality>
<sourceEntity>DC73B22D-353B-8890-666F-E050A5AD5B51</sourceEntity>
<targetCardinalityString>*</targetCardinalityString>
<targetEntity>911B84B6-5D9E-83AF-F4F9-FCE3E73DE493</targetEntity>
<transferable>true</transferable>
<deleteRule>NO ACTION</deleteRule>
</Relation>