<?xml version = '1.0' encoding = 'UTF-8'?>
<Relation class="oracle.dbtools.crest.model.design.logical.Relation" name="Relation_8" directorySegmentName="seg_0" id="9F6C8EBD-BA7F-5B18-5982-E49C7B1A90B8">
<createdBy>fuent</createdBy>
<createdTime>2024-09-16 23:21:53 UTC</createdTime>
<ownerDesignName>EXP2_S6_CESAR_FUENTES</ownerDesignName>
<engineerTo>
<item key="6DD44FDB-5874-F04F-C0E3-5757EDB76A09" value="true"/>
</engineerTo>
<sourcePk>EC8998D0-C6F5-0B81-4C4D-78807E30978C</sourcePk>
<targetPk>DDCF17A1-A225-3223-CBF6-9937A5EEC2B9</targetPk>
<identifying>false</identifying>
<optionalSource>false</optionalSource>
<optionalTarget>false</optionalTarget>
<sourceCardinality>1</sourceCardinality>
<sourceEntity>DC73B22D-353B-8890-666F-E050A5AD5B51</sourceEntity>
<targetCardinalityString>1</targetCardinalityString>
<targetEntity>7ACEB01F-6660-0EF0-31EA-9658B00D2156</targetEntity>
<transferable>true</transferable>
<deleteRule>NO ACTION</deleteRule>
</Relation>