<?xml version = '1.0' encoding = 'UTF-8'?>
<Relation class="oracle.dbtools.crest.model.design.logical.Relation" name="Relation_11" directorySegmentName="seg_0" id="AAA997DF-4EF3-81A9-93B1-9B4DAB75A1D4">
<createdBy>fuent</createdBy>
<createdTime>2024-09-16 23:41:20 UTC</createdTime>
<ownerDesignName>EXP2_S6_CESAR_FUENTES</ownerDesignName>
<engineerTo>
<item key="6DD44FDB-5874-F04F-C0E3-5757EDB76A09" value="true"/>
</engineerTo>
<sourcePk>EAC88839-DD46-CB64-5EC3-1353E6A83C72</sourcePk>
<identifying>true</identifying>
<optionalSource>false</optionalSource>
<optionalTarget>false</optionalTarget>
<sourceCardinality>1</sourceCardinality>
<sourceEntity>48BCAEF9-0161-D814-7C8F-8B7FBA24F75F</sourceEntity>
<targetCardinalityString>*</targetCardinalityString>
<targetEntity>347B957D-ADA5-108D-DA44-42BF3CC09D6A</targetEntity>
<transferable>true</transferable>
<deleteRule>NO ACTION</deleteRule>
</Relation>