<?xml version = '1.0' encoding = 'UTF-8'?>
<Relation class="oracle.dbtools.crest.model.design.logical.Relation" name="Relation_10" directorySegmentName="seg_0" id="AC0462B9-6EA6-3BAE-0267-47B16CA06894">
<createdBy>fuent</createdBy>
<createdTime>2024-09-16 23:40:11 UTC</createdTime>
<ownerDesignName>EXP2_S6_CESAR_FUENTES</ownerDesignName>
<engineerTo>
<item key="6DD44FDB-5874-F04F-C0E3-5757EDB76A09" value="true"/>
</engineerTo>
<sourcePk>C503183B-1B09-029D-13DC-46BFF6555104</sourcePk>
<identifying>true</identifying>
<optionalSource>false</optionalSource>
<optionalTarget>false</optionalTarget>
<sourceCardinality>1</sourceCardinality>
<sourceEntity>911B84B6-5D9E-83AF-F4F9-FCE3E73DE493</sourceEntity>
<targetCardinalityString>*</targetCardinalityString>
<targetEntity>48BCAEF9-0161-D814-7C8F-8B7FBA24F75F</targetEntity>
<transferable>true</transferable>
<deleteRule>NO ACTION</deleteRule>
</Relation>