<?xml version = '1.0' encoding = 'UTF-8'?>
<Relation class="oracle.dbtools.crest.model.design.logical.Relation" name="Relation_17" directorySegmentName="seg_0" id="E9D5A562-AE38-2DE6-E4C4-9577F436E562">
<createdBy>fuent</createdBy>
<createdTime>2024-09-17 00:16:56 UTC</createdTime>
<ownerDesignName>EXP2_S6_CESAR_FUENTES</ownerDesignName>
<engineerTo>
<item key="6DD44FDB-5874-F04F-C0E3-5757EDB76A09" value="true"/>
</engineerTo>
<sourcePk>C503183B-1B09-029D-13DC-46BFF6555104</sourcePk>
<targetPk>EBA47A41-132F-A3BE-0A8A-241F06A00D84</targetPk>
<identifying>false</identifying>
<optionalSource>false</optionalSource>
<optionalTarget>true</optionalTarget>
<sourceCardinality>1</sourceCardinality>
<sourceEntity>911B84B6-5D9E-83AF-F4F9-FCE3E73DE493</sourceEntity>
<targetCardinalityString>1</targetCardinalityString>
<targetEntity>F3098AF1-1892-A681-33A3-898879B9EB16</targetEntity>
<transferable>true</transferable>
<deleteRule>NO ACTION</deleteRule>
</Relation>