<?xml version = '1.0' encoding = 'UTF-8'?>
<Relation class="oracle.dbtools.crest.model.design.logical.Relation" name="Relation_5" directorySegmentName="seg_0" id="FAE3FB3E-F3B4-71BC-AD32-D51F0B50CE5F">
<createdBy>fuent</createdBy>
<createdTime>2024-09-16 23:18:26 UTC</createdTime>
<ownerDesignName>EXP2_S6_CESAR_FUENTES</ownerDesignName>
<engineerTo>
<item key="6DD44FDB-5874-F04F-C0E3-5757EDB76A09" value="true"/>
</engineerTo>
<sourcePk>6FBD952D-647E-F861-743D-F78F50301DCA</sourcePk>
<identifying>true</identifying>
<optionalSource>false</optionalSource>
<optionalTarget>false</optionalTarget>
<sourceCardinality>1</sourceCardinality>
<sourceEntity>10B1DBB9-9788-29E7-0477-97313EA9033F</sourceEntity>
<targetCardinalityString>*</targetCardinalityString>
<targetEntity>DC73B22D-353B-8890-666F-E050A5AD5B51</targetEntity>
<transferable>true</transferable>
<deleteRule>NO ACTION</deleteRule>
</Relation>