<?xml version = '1.0' encoding = 'UTF-8'?>
<Relation class="oracle.dbtools.crest.model.design.logical.Relation" name="Relation_9" directorySegmentName="seg_0" id="FEDE0383-ACBB-DDE3-B57C-35A509ADC45C">
<createdBy>fuent</createdBy>
<createdTime>2024-09-16 23:35:53 UTC</createdTime>
<ownerDesignName>EXP2_S6_CESAR_FUENTES</ownerDesignName>
<engineerTo>
<item key="6DD44FDB-5874-F04F-C0E3-5757EDB76A09" value="true"/>
</engineerTo>
<sourcePk>F6E30944-F821-B96D-417D-3D04A94F5F95</sourcePk>
<identifying>true</identifying>
<optionalSource>false</optionalSource>
<optionalTarget>false</optionalTarget>
<sourceCardinality>1</sourceCardinality>
<sourceEntity>F93E0967-CE7D-94CD-04CB-7EF38FC5022D</sourceEntity>
<targetCardinalityString>*</targetCardinalityString>
<targetEntity>FB29F8C4-5965-6741-C0CC-F741ED4A045F</targetEntity>
<transferable>true</transferable>
<deleteRule>NO ACTION</deleteRule>
</Relation>