<?xml version = '1.0' encoding = 'UTF-8'?>
<Table class="oracle.dbtools.crest.model.design.relational.Table" directorySegmentName="seg_0" id="0B3E117D-DAB7-180D-3419-C9AE247ADF9E" name="ESTADO_SEGUIMIENTO">
<createdBy>fuent</createdBy>
<createdTime>2024-09-17 00:44:00 UTC</createdTime>
<generatorID>FB29F8C4-5965-6741-C0CC-F741ED4A045F</generatorID>
<ownerDesignName>EXP2_S6_CESAR_FUENTES</ownerDesignName>
<allowColumnReorder>false</allowColumnReorder>
<existDependencyGenerateInDDl>true</existDependencyGenerateInDDl>
<parsed>true</parsed>
<columns itemClass="oracle.dbtools.crest.model.design.relational.Column">
<Column name="id_e_seguimiento" id="DCB4DE8F-D2F8-ECF8-6226-495A5E707389">
<createdBy>fuent</createdBy>
<createdTime>2024-09-17 00:44:00 UTC</createdTime>
<generatorID>DC5F674E-9649-8519-CE31-66EEB68821CA</generatorID>
<ownerDesignName>EXP2_S6_CESAR_FUENTES</ownerDesignName>
<useDomainConstraints>false</useDomainConstraints>
<use>1</use>
<logicalDatatype>LOGDT011</logicalDatatype>
<ownDataTypeParameters>,,</ownDataTypeParameters>
<autoIncrementCycle>false</autoIncrementCycle>
</Column>
<Column name="descripcion_estado" id="8B77C46C-1DAC-2569-104C-7F19008133D9">
<createdBy>fuent</createdBy>
<createdTime>2024-09-17 00:44:00 UTC</createdTime>
<generatorID>14F465DA-D30C-FDB7-0D09-BDE39C329272</generatorID>
<ownerDesignName>EXP2_S6_CESAR_FUENTES</ownerDesignName>
<useDomainConstraints>false</useDomainConstraints>
<use>1</use>
<logicalDatatype>LOGDT024</logicalDatatype>
<dataTypeSize>12 BYTE</dataTypeSize>
<ownDataTypeParameters>12 BYTE,,</ownDataTypeParameters>
<autoIncrementCycle>false</autoIncrementCycle>
</Column>
<Column name="SEGUIMIENTO_id_seguimiento" id="6F749BB4-6029-1486-A01C-EB07CDCDBC85">
<createdBy>fuent</createdBy>
<createdTime>2024-09-17 00:44:00 UTC</createdTime>
<generatorID>0628DC6F-DDB6-88B9-C8DC-D4E644DB58E1</generatorID>
<ownerDesignName>EXP2_S6_CESAR_FUENTES</ownerDesignName>
<useDomainConstraints>false</useDomainConstraints>
<use>1</use>
<logicalDatatype>LOGDT011</logicalDatatype>
<ownDataTypeParameters>,,</ownDataTypeParameters>
<previousColumn>false</previousColumn>
<autoIncrementCycle>false</autoIncrementCycle>
<associations>
<colAssociation fkAssociation="B502E627-2E38-837D-FCFF-61C3CA954496" referredColumn="6F274927-A8F5-3AF7-FBBA-06C6141A3AF8"/>
</associations>
</Column>
</columns>
<indexes itemClass="oracle.dbtools.crest.model.design.relational.Index">
<ind_PK_UK id="49C6AB57-EFE8-6320-12A6-9EE39CBCAA6B" name="ESTADO_SEGUIMIENTO_PK">
<createdBy>fuent</createdBy>
<createdTime>2024-09-17 00:44:00 UTC</createdTime>
<generatorID>0073F5E1-D61C-1BF6-871F-7CEC331F7CCE</generatorID>
<ownerDesignName>EXP2_S6_CESAR_FUENTES</ownerDesignName>
<pk>true</pk>
<indexState>Primary Constraint</indexState>
<isSurrogateKey>false</isSurrogateKey>
<indexColumnUsage>
<colUsage columnID="DCB4DE8F-D2F8-ECF8-6226-495A5E707389"/>
<colUsage columnID="8B77C46C-1DAC-2569-104C-7F19008133D9"/>
<colUsage columnID="6F749BB4-6029-1486-A01C-EB07CDCDBC85"/>
</indexColumnUsage>
</ind_PK_UK>
<ind_PK_UK id="084BCFD4-B0C0-57C7-351E-BAF578AE0E8E" name="ESTADO_SEGUIMIENTO_SEGUIMIENTO_FK">
<createdBy>fuent</createdBy>
<createdTime>2024-09-17 00:44:01 UTC</createdTime>
<generatorID>FEDE0383-ACBB-DDE3-B57C-35A509ADC45C</generatorID>
<ownerDesignName>EXP2_S6_CESAR_FUENTES</ownerDesignName>
<indexState>Foreign Key</indexState>
<isSurrogateKey>false</isSurrogateKey>
<indexColumnUsage>
<colUsage columnID="6F749BB4-6029-1486-A01C-EB07CDCDBC85"/>
</indexColumnUsage>
</ind_PK_UK>
</indexes>
</Table>