<?xml version = '1.0' encoding = 'UTF-8'?>
<Table class="oracle.dbtools.crest.model.design.relational.Table" directorySegmentName="seg_0" id="11DEA341-AA93-A9D7-3BBD-DBE688D5B77F" name="MARCA">
<createdBy>fuent</createdBy>
<createdTime>2024-09-17 00:44:00 UTC</createdTime>
<generatorID>7ACEB01F-6660-0EF0-31EA-9658B00D2156</generatorID>
<ownerDesignName>EXP2_S6_CESAR_FUENTES</ownerDesignName>
<allowColumnReorder>false</allowColumnReorder>
<existDependencyGenerateInDDl>true</existDependencyGenerateInDDl>
<parsed>true</parsed>
<columns itemClass="oracle.dbtools.crest.model.design.relational.Column">
<Column name="id_marca" id="EBAFD60C-3AEE-89D4-B6A7-9B71149CDF83">
<createdBy>fuent</createdBy>
<createdTime>2024-09-17 00:44:00 UTC</createdTime>
<generatorID>01E29D08-29A5-3CB6-4E39-3A46F7FEC017</generatorID>
<ownerDesignName>EXP2_S6_CESAR_FUENTES</ownerDesignName>
<useDomainConstraints>false</useDomainConstraints>
<use>1</use>
<logicalDatatype>LOGDT011</logicalDatatype>
<ownDataTypeParameters>,,</ownDataTypeParameters>
<autoIncrementCycle>false</autoIncrementCycle>
</Column>
<Column name="n_marca" id="0A24925B-FFC0-EEE9-9872-E2EFBCCBD1F9">
<createdBy>fuent</createdBy>
<createdTime>2024-09-17 00:44:00 UTC</createdTime>
<generatorID>509AC475-5AC7-B265-7C5F-3856BD9F9E33</generatorID>
<ownerDesignName>EXP2_S6_CESAR_FUENTES</ownerDesignName>
<useDomainConstraints>false</useDomainConstraints>
<use>1</use>
<logicalDatatype>LOGDT024</logicalDatatype>
<dataTypeSize>12 BYTE</dataTypeSize>
<ownDataTypeParameters>12 BYTE,,</ownDataTypeParameters>
<autoIncrementCycle>false</autoIncrementCycle>
</Column>
<Column name="modelo" id="FA1F3087-61F6-120F-1999-D33F3B0993CF">
<createdBy>fuent</createdBy>
<createdTime>2024-09-17 00:44:00 UTC</createdTime>
<generatorID>A447095C-EFD6-8659-3469-2EE1B8756614</generatorID>
<ownerDesignName>EXP2_S6_CESAR_FUENTES</ownerDesignName>
<useDomainConstraints>false</useDomainConstraints>
<use>1</use>
<logicalDatatype>LOGDT024</logicalDatatype>
<dataTypeSize>12 BYTE</dataTypeSize>
<ownDataTypeParameters>12 BYTE,,</ownDataTypeParameters>
<autoIncrementCycle>false</autoIncrementCycle>
</Column>
<Column name="VEHICULO_patente" id="991B18D6-7BAC-E752-650D-CC80BC6ABAC0">
<createdBy>fuent</createdBy>
<createdTime>2024-09-17 00:44:00 UTC</createdTime>
<generatorID>8A3A2186-8E71-9FC4-81CE-62A98A1F39DC</generatorID>
<ownerDesignName>EXP2_S6_CESAR_FUENTES</ownerDesignName>
<useDomainConstraints>false</useDomainConstraints>
<use>1</use>
<logicalDatatype>LOGDT011</logicalDatatype>
<ownDataTypeParameters>,,</ownDataTypeParameters>
<previousColumn>false</previousColumn>
<autoIncrementCycle>false</autoIncrementCycle>
<associations>
<colAssociation fkAssociation="727DAF71-0A4E-AD18-E514-F5EC6CD32D85" referredColumn="B5DBB767-2A53-A5A7-CA47-9C9ABD90370A"/>
</associations>
</Column>
<Column name="VEHICULO_CLIENTE_rut" id="DC9D4480-852D-615D-C1EC-020D265D0370">
<createdBy>fuent</createdBy>
<createdTime>2024-09-17 00:44:00 UTC</createdTime>
<generatorID>AEAD2E26-73C3-74C9-8D2E-F4C5869F9880</generatorID>
<ownerDesignName>EXP2_S6_CESAR_FUENTES</ownerDesignName>
<useDomainConstraints>false</useDomainConstraints>
<use>1</use>
<logicalDatatype>LOGDT024</logicalDatatype>
<dataTypeSize>12 BYTE</dataTypeSize>
<ownDataTypeParameters>,,</ownDataTypeParameters>
<previousColumn>false</previousColumn>
<autoIncrementCycle>false</autoIncrementCycle>
<associations>
<colAssociation fkAssociation="727DAF71-0A4E-AD18-E514-F5EC6CD32D85" referredColumn="338EB42B-7B68-98BA-B04E-FD5C3F0B863A"/>
</associations>
</Column>
</columns>
<indexes itemClass="oracle.dbtools.crest.model.design.relational.Index">
<ind_PK_UK id="68A04935-61D2-4989-3406-5BC9FF2B4144" name="MARCA_PK">
<createdBy>fuent</createdBy>
<createdTime>2024-09-17 00:44:00 UTC</createdTime>
<generatorID>DDCF17A1-A225-3223-CBF6-9937A5EEC2B9</generatorID>
<ownerDesignName>EXP2_S6_CESAR_FUENTES</ownerDesignName>
<pk>true</pk>
<indexState>Primary Constraint</indexState>
<isSurrogateKey>false</isSurrogateKey>
<indexColumnUsage>
<colUsage columnID="EBAFD60C-3AEE-89D4-B6A7-9B71149CDF83"/>
</indexColumnUsage>
</ind_PK_UK>
<ind_PK_UK id="799531BD-BFB5-1E6B-8770-1CE536C60D2F" name="MARCA__IDX">
<createdBy>fuent</createdBy>
<createdTime>2024-09-17 00:44:01 UTC</createdTime>
<ownerDesignName>EXP2_S6_CESAR_FUENTES</ownerDesignName>
<indexState>Unique Plain Index</indexState>
<isSurrogateKey>false</isSurrogateKey>
<relationGeneratorID>9F6C8EBD-BA7F-5B18-5982-E49C7B1A90B8</relationGeneratorID>
<indexColumnUsage>
<colUsage columnID="991B18D6-7BAC-E752-650D-CC80BC6ABAC0"/>
<colUsage columnID="DC9D4480-852D-615D-C1EC-020D265D0370"/>
</indexColumnUsage>
</ind_PK_UK>
<ind_PK_UK id="19697378-1895-94BB-44C7-BBFCEF2A2983" name="MARCA_VEHICULO_FK">
<createdBy>fuent</createdBy>
<createdTime>2024-09-17 00:44:01 UTC</createdTime>
<generatorID>9F6C8EBD-BA7F-5B18-5982-E49C7B1A90B8</generatorID>
<ownerDesignName>EXP2_S6_CESAR_FUENTES</ownerDesignName>
<indexState>Foreign Key</indexState>
<isSurrogateKey>false</isSurrogateKey>
<indexColumnUsage>
<colUsage columnID="991B18D6-7BAC-E752-650D-CC80BC6ABAC0"/>
<colUsage columnID="DC9D4480-852D-615D-C1EC-020D265D0370"/>
</indexColumnUsage>
</ind_PK_UK>
</indexes>
</Table>