<?xml version = '1.0' encoding = 'UTF-8'?>
<Table class="oracle.dbtools.crest.model.design.relational.Table" directorySegmentName="seg_0" id="3807AA7D-19FC-8744-F863-A11893C02353" name="DETALLE_ORDEN">
<createdBy>fuent</createdBy>
<createdTime>2024-09-17 00:44:00 UTC</createdTime>
<generatorID>48BCAEF9-0161-D814-7C8F-8B7FBA24F75F</generatorID>
<ownerDesignName>EXP2_S6_CESAR_FUENTES</ownerDesignName>
<allowColumnReorder>false</allowColumnReorder>
<existDependencyGenerateInDDl>true</existDependencyGenerateInDDl>
<parsed>true</parsed>
<columns itemClass="oracle.dbtools.crest.model.design.relational.Column">
<Column name="id_detalle" id="F581EFCF-581F-0349-24A0-D3505B87C7FF">
<createdBy>fuent</createdBy>
<createdTime>2024-09-17 00:44:00 UTC</createdTime>
<generatorID>0F03F8DB-BE67-C8D7-5183-F42B94A339F9</generatorID>
<ownerDesignName>EXP2_S6_CESAR_FUENTES</ownerDesignName>
<useDomainConstraints>false</useDomainConstraints>
<use>1</use>
<logicalDatatype>LOGDT011</logicalDatatype>
<ownDataTypeParameters>,,</ownDataTypeParameters>
<autoIncrementCycle>false</autoIncrementCycle>
</Column>
<Column name="ORDEN_SERVICIO_id_orden" id="F5DABF00-BBE5-5003-E701-C4E6C2F2A606">
<createdBy>fuent</createdBy>
<createdTime>2024-09-17 00:44:00 UTC</createdTime>
<generatorID>34588EDE-50B9-BA28-CF20-F98A0D6B0CC3</generatorID>
<ownerDesignName>EXP2_S6_CESAR_FUENTES</ownerDesignName>
<useDomainConstraints>false</useDomainConstraints>
<use>1</use>
<logicalDatatype>LOGDT011</logicalDatatype>
<ownDataTypeParameters>,,</ownDataTypeParameters>
<previousColumn>false</previousColumn>
<autoIncrementCycle>false</autoIncrementCycle>
<associations>
<colAssociation fkAssociation="BB4C09B0-CE1C-738C-531A-AAB99055A19B" referredColumn="5E16C911-B634-F05E-78E5-C66519112A84"/>
</associations>
</Column>
</columns>
<indexes itemClass="oracle.dbtools.crest.model.design.relational.Index">
<ind_PK_UK id="BB68A41C-40AC-D4A7-B7F9-EE1EACBC7B33" name="DETALLE_ORDEN_PK">
<createdBy>fuent</createdBy>
<createdTime>2024-09-17 00:44:00 UTC</createdTime>
<generatorID>EAC88839-DD46-CB64-5EC3-1353E6A83C72</generatorID>
<ownerDesignName>EXP2_S6_CESAR_FUENTES</ownerDesignName>
<pk>true</pk>
<indexState>Primary Constraint</indexState>
<isSurrogateKey>false</isSurrogateKey>
<indexColumnUsage>
<colUsage columnID="F5DABF00-BBE5-5003-E701-C4E6C2F2A606"/>
</indexColumnUsage>
</ind_PK_UK>
<ind_PK_UK id="ABC9274A-9EE9-A98F-2F14-7D892577469B" name="DETALLE_ORDEN_ORDEN_SERVICIO_FK">
<createdBy>fuent</createdBy>
<createdTime>2024-09-17 00:44:00 UTC</createdTime>
<generatorID>AC0462B9-6EA6-3BAE-0267-47B16CA06894</generatorID>
<ownerDesignName>EXP2_S6_CESAR_FUENTES</ownerDesignName>
<indexState>Foreign Key</indexState>
<isSurrogateKey>false</isSurrogateKey>
<indexColumnUsage>
<colUsage columnID="F5DABF00-BBE5-5003-E701-C4E6C2F2A606"/>
</indexColumnUsage>
</ind_PK_UK>
</indexes>
</Table>