<?xml version = '1.0' encoding = 'UTF-8'?>
<Table class="oracle.dbtools.crest.model.design.relational.Table" directorySegmentName="seg_0" id="4C4ABE15-3743-540B-4497-CD3189EF434C" name="REPUESTO">
<createdBy>fuent</createdBy>
<createdTime>2024-09-17 00:44:00 UTC</createdTime>
<generatorID>FCD96D7C-0F8E-FD82-3B10-982A7B6FA426</generatorID>
<ownerDesignName>EXP2_S6_CESAR_FUENTES</ownerDesignName>
<allowColumnReorder>false</allowColumnReorder>
<existDependencyGenerateInDDl>true</existDependencyGenerateInDDl>
<parsed>true</parsed>
<columns itemClass="oracle.dbtools.crest.model.design.relational.Column">
<Column name="id_repuesto" id="126A3AB4-EF80-83FE-E6E1-F84F20539988">
<createdBy>fuent</createdBy>
<createdTime>2024-09-17 00:44:00 UTC</createdTime>
<generatorID>40383F91-D384-2E41-906F-E951573D45EB</generatorID>
<ownerDesignName>EXP2_S6_CESAR_FUENTES</ownerDesignName>
<useDomainConstraints>false</useDomainConstraints>
<use>1</use>
<logicalDatatype>LOGDT011</logicalDatatype>
<ownDataTypeParameters>,,</ownDataTypeParameters>
<autoIncrementCycle>false</autoIncrementCycle>
</Column>
<Column name="descripcion" id="4514C030-45BE-D6BE-CA43-D8E697934514">
<createdBy>fuent</createdBy>
<createdTime>2024-09-17 00:44:00 UTC</createdTime>
<generatorID>A71F1ED7-4E92-40D3-E795-A9976D14FBDA</generatorID>
<ownerDesignName>EXP2_S6_CESAR_FUENTES</ownerDesignName>
<useDomainConstraints>false</useDomainConstraints>
<use>1</use>
<logicalDatatype>LOGDT024</logicalDatatype>
<dataTypeSize>12 BYTE</dataTypeSize>
<ownDataTypeParameters>12 BYTE,,</ownDataTypeParameters>
<autoIncrementCycle>false</autoIncrementCycle>
</Column>
<Column name="costo" id="3FE45EB5-211F-055F-0853-0EF3D9A2BD8D">
<createdBy>fuent</createdBy>
<createdTime>2024-09-17 00:44:00 UTC</createdTime>
<generatorID>31CB55D0-9A9D-F4EB-2417-EF48789A4E44</generatorID>
<ownerDesignName>EXP2_S6_CESAR_FUENTES</ownerDesignName>
<useDomainConstraints>false</useDomainConstraints>
<use>1</use>
<logicalDatatype>LOGDT011</logicalDatatype>
<ownDataTypeParameters>,,</ownDataTypeParameters>
<autoIncrementCycle>false</autoIncrementCycle>
</Column>
<Column name="DETALLE_ORDEN_ORDEN_SERVICIO_id_orden" id="A58269CF-1BDB-6112-01A8-02751AFD895B">
<createdBy>fuent</createdBy>
<createdTime>2024-09-17 00:44:00 UTC</createdTime>
<generatorID>4AC0970B-2148-F8E8-BC17-A92B1E99D790</generatorID>
<ownerDesignName>EXP2_S6_CESAR_FUENTES</ownerDesignName>
<useDomainConstraints>false</useDomainConstraints>
<use>1</use>
<logicalDatatype>LOGDT011</logicalDatatype>
<ownDataTypeParameters>,,</ownDataTypeParameters>
<previousColumn>false</previousColumn>
<autoIncrementCycle>false</autoIncrementCycle>
<associations>
<colAssociation fkAssociation="17BB780F-B386-1558-9C57-5D0A593C9E22" referredColumn="F5DABF00-BBE5-5003-E701-C4E6C2F2A606"/>
</associations>
</Column>
</columns>
<indexes itemClass="oracle.dbtools.crest.model.design.relational.Index">
<ind_PK_UK id="DD2BD9A1-6C04-1811-A096-B91AC1E7FE21" name="REPUESTO_PK">
<createdBy>fuent</createdBy>
<createdTime>2024-09-17 00:44:00 UTC</createdTime>
<generatorID>D6FA4660-3068-A789-AE68-CBD0FC8B2A47</generatorID>
<ownerDesignName>EXP2_S6_CESAR_FUENTES</ownerDesignName>
<pk>true</pk>
<indexState>Primary Constraint</indexState>
<isSurrogateKey>false</isSurrogateKey>
<indexColumnUsage>
<colUsage columnID="126A3AB4-EF80-83FE-E6E1-F84F20539988"/>
<colUsage columnID="A58269CF-1BDB-6112-01A8-02751AFD895B"/>
</indexColumnUsage>
</ind_PK_UK>
<ind_PK_UK id="4D3A5A46-F6CC-8A34-A9BC-341227342998" name="REPUESTO_DETALLE_ORDEN_FK">
<createdBy>fuent</createdBy>
<createdTime>2024-09-17 00:44:01 UTC</createdTime>
<generatorID>2161876F-2184-271F-DD4B-2B7AE3BFD111</generatorID>
<ownerDesignName>EXP2_S6_CESAR_FUENTES</ownerDesignName>
<indexState>Foreign Key</indexState>
<isSurrogateKey>false</isSurrogateKey>
<indexColumnUsage>
<colUsage columnID="A58269CF-1BDB-6112-01A8-02751AFD895B"/>
</indexColumnUsage>
</ind_PK_UK>
</indexes>
</Table>