<?xml version = '1.0' encoding = 'UTF-8'?>
<Table class="oracle.dbtools.crest.model.design.relational.Table" directorySegmentName="seg_0" id="5F9866F3-B142-4005-7685-34255BB711AD" name="SEGUIMIENTO">
<createdBy>fuent</createdBy>
<createdTime>2024-09-17 00:44:00 UTC</createdTime>
<generatorID>F93E0967-CE7D-94CD-04CB-7EF38FC5022D</generatorID>
<ownerDesignName>EXP2_S6_CESAR_FUENTES</ownerDesignName>
<allowColumnReorder>false</allowColumnReorder>
<existDependencyGenerateInDDl>true</existDependencyGenerateInDDl>
<parsed>true</parsed>
<columns itemClass="oracle.dbtools.crest.model.design.relational.Column">
<Column name="id_seguimiento" id="6F274927-A8F5-3AF7-FBBA-06C6141A3AF8">
<createdBy>fuent</createdBy>
<createdTime>2024-09-17 00:44:00 UTC</createdTime>
<generatorID>4AB3230D-8DB9-11F2-0DA3-0E22E685D5DA</generatorID>
<ownerDesignName>EXP2_S6_CESAR_FUENTES</ownerDesignName>
<useDomainConstraints>false</useDomainConstraints>
<use>1</use>
<logicalDatatype>LOGDT011</logicalDatatype>
<ownDataTypeParameters>,,</ownDataTypeParameters>
<autoIncrementCycle>false</autoIncrementCycle>
</Column>
<Column name="ORDEN_SERVICIO_id_orden" id="6BB0FA40-27DA-CF96-E718-DFFB0F529EC7">
<createdBy>fuent</createdBy>
<createdTime>2024-09-17 00:44:00 UTC</createdTime>
<generatorID>1DBC5539-6EBD-7E7C-5EE4-118744DD16B3</generatorID>
<ownerDesignName>EXP2_S6_CESAR_FUENTES</ownerDesignName>
<useDomainConstraints>false</useDomainConstraints>
<use>1</use>
<logicalDatatype>LOGDT011</logicalDatatype>
<ownDataTypeParameters>,,</ownDataTypeParameters>
<previousColumn>false</previousColumn>
<autoIncrementCycle>false</autoIncrementCycle>
<associations>
<colAssociation fkAssociation="5E060FAE-57A7-3D1C-7AB5-AA1120BB2D38" referredColumn="5E16C911-B634-F05E-78E5-C66519112A84"/>
</associations>
</Column>
</columns>
<indexes itemClass="oracle.dbtools.crest.model.design.relational.Index">
<ind_PK_UK id="3CDF96C1-A57B-F39B-9BA7-EE5703A1650A" name="SEGUIMIENTO_PK">
<createdBy>fuent</createdBy>
<createdTime>2024-09-17 00:44:00 UTC</createdTime>
<generatorID>F6E30944-F821-B96D-417D-3D04A94F5F95</generatorID>
<ownerDesignName>EXP2_S6_CESAR_FUENTES</ownerDesignName>
<pk>true</pk>
<indexState>Primary Constraint</indexState>
<isSurrogateKey>false</isSurrogateKey>
<indexColumnUsage>
<colUsage columnID="6F274927-A8F5-3AF7-FBBA-06C6141A3AF8"/>
</indexColumnUsage>
</ind_PK_UK>
<ind_PK_UK id="3C9783C3-2C14-FC7D-7227-3C886CF4AF60" name="SEGUIMIENTO__IDX">
<createdBy>fuent</createdBy>
<createdTime>2024-09-17 00:44:01 UTC</createdTime>
<ownerDesignName>EXP2_S6_CESAR_FUENTES</ownerDesignName>
<indexState>Unique Plain Index</indexState>
<isSurrogateKey>false</isSurrogateKey>
<relationGeneratorID>12FAAC96-7930-585E-3B1E-82D77C97268B</relationGeneratorID>
<indexColumnUsage>
<colUsage columnID="6BB0FA40-27DA-CF96-E718-DFFB0F529EC7"/>
</indexColumnUsage>
</ind_PK_UK>
<ind_PK_UK id="1FDE50A9-45E5-3503-3181-5A6B3A6EC362" name="SEGUIMIENTO_ORDEN_SERVICIO_FK">
<createdBy>fuent</createdBy>
<createdTime>2024-09-17 00:44:01 UTC</createdTime>
<generatorID>12FAAC96-7930-585E-3B1E-82D77C97268B</generatorID>
<ownerDesignName>EXP2_S6_CESAR_FUENTES</ownerDesignName>
<indexState>Foreign Key</indexState>
<isSurrogateKey>false</isSurrogateKey>
<indexColumnUsage>
<colUsage columnID="6BB0FA40-27DA-CF96-E718-DFFB0F529EC7"/>
</indexColumnUsage>
</ind_PK_UK>
</indexes>
</Table>