<?xml version = '1.0' encoding = 'UTF-8'?>
<Table class="oracle.dbtools.crest.model.design.relational.Table" directorySegmentName="seg_0" id="6F96F099-6927-9F99-2F41-3C9DDABC3B18" name="ORDEN_SERVICIO">
<createdBy>fuent</createdBy>
<createdTime>2024-09-17 00:44:00 UTC</createdTime>
<generatorID>911B84B6-5D9E-83AF-F4F9-FCE3E73DE493</generatorID>
<ownerDesignName>EXP2_S6_CESAR_FUENTES</ownerDesignName>
<allowColumnReorder>false</allowColumnReorder>
<existDependencyGenerateInDDl>true</existDependencyGenerateInDDl>
<parsed>true</parsed>
<columns itemClass="oracle.dbtools.crest.model.design.relational.Column">
<Column name="id_orden" id="5E16C911-B634-F05E-78E5-C66519112A84">
<createdBy>fuent</createdBy>
<createdTime>2024-09-17 00:44:00 UTC</createdTime>
<generatorID>4581D743-4698-D1BA-2C6C-76DBBD6F9083</generatorID>
<ownerDesignName>EXP2_S6_CESAR_FUENTES</ownerDesignName>
<useDomainConstraints>false</useDomainConstraints>
<use>1</use>
<logicalDatatype>LOGDT011</logicalDatatype>
<ownDataTypeParameters>,,</ownDataTypeParameters>
<autoIncrementCycle>false</autoIncrementCycle>
</Column>
<Column name="f_creacion" id="B0EB4000-F6CC-67AD-9EB9-C1F71A29D687">
<createdBy>fuent</createdBy>
<createdTime>2024-09-17 00:44:00 UTC</createdTime>
<generatorID>6903E885-9EDA-4ED5-89BC-F5FCD6FA8B3B</generatorID>
<ownerDesignName>EXP2_S6_CESAR_FUENTES</ownerDesignName>
<useDomainConstraints>false</useDomainConstraints>
<use>1</use>
<logicalDatatype>LOGDT007</logicalDatatype>
<ownDataTypeParameters>,,</ownDataTypeParameters>
<autoIncrementCycle>false</autoIncrementCycle>
</Column>
<Column name="CLIENTE_rut" id="EA4EA22F-2AAF-3021-CB96-AA077A39F681">
<createdBy>fuent</createdBy>
<createdTime>2024-09-17 00:44:00 UTC</createdTime>
<generatorID>1B86AF93-960B-A7FD-B580-787CF40CC9C0</generatorID>
<ownerDesignName>EXP2_S6_CESAR_FUENTES</ownerDesignName>
<nullsAllowed>true</nullsAllowed>
<useDomainConstraints>false</useDomainConstraints>
<use>1</use>
<logicalDatatype>LOGDT024</logicalDatatype>
<dataTypeSize>12 BYTE</dataTypeSize>
<ownDataTypeParameters>,,</ownDataTypeParameters>
<previousColumn>false</previousColumn>
<autoIncrementCycle>false</autoIncrementCycle>
<associations>
<colAssociation fkAssociation="847199A3-BB20-C32C-24A1-D06264EF6270" referredColumn="7EF35DF6-CEFC-AABD-AFA5-5460245CE4C4"/>
</associations>
</Column>
<Column name="VEHICULO_patente" id="059D9C63-BDB7-0B78-CCA8-E0A4F7885C18">
<createdBy>fuent</createdBy>
<createdTime>2024-09-17 00:44:00 UTC</createdTime>
<generatorID>8DCF127C-34BC-D979-391D-657799AA66E8</generatorID>
<ownerDesignName>EXP2_S6_CESAR_FUENTES</ownerDesignName>
<nullsAllowed>true</nullsAllowed>
<useDomainConstraints>false</useDomainConstraints>
<use>1</use>
<logicalDatatype>LOGDT011</logicalDatatype>
<ownDataTypeParameters>,,</ownDataTypeParameters>
<previousColumn>false</previousColumn>
<autoIncrementCycle>false</autoIncrementCycle>
<associations>
<colAssociation fkAssociation="6CF05371-056D-3708-162E-A50C7C63C675" referredColumn="B5DBB767-2A53-A5A7-CA47-9C9ABD90370A"/>
</associations>
</Column>
<Column name="VEHICULO_CLIENTE_rut" id="23180411-882D-786F-5E39-D673DA4393EE">
<createdBy>fuent</createdBy>
<createdTime>2024-09-17 00:44:00 UTC</createdTime>
<generatorID>1EF928AD-71A5-8140-B9A4-CE5498E1CD26</generatorID>
<ownerDesignName>EXP2_S6_CESAR_FUENTES</ownerDesignName>
<nullsAllowed>true</nullsAllowed>
<useDomainConstraints>false</useDomainConstraints>
<use>1</use>
<logicalDatatype>LOGDT024</logicalDatatype>
<dataTypeSize>12 BYTE</dataTypeSize>
<ownDataTypeParameters>,,</ownDataTypeParameters>
<previousColumn>false</previousColumn>
<autoIncrementCycle>false</autoIncrementCycle>
<associations>
<colAssociation fkAssociation="6CF05371-056D-3708-162E-A50C7C63C675" referredColumn="338EB42B-7B68-98BA-B04E-FD5C3F0B863A"/>
</associations>
</Column>
<Column name="VALIDACION_id_validacion" id="E205E485-DB79-A301-9D7D-8955582D6FB3">
<createdBy>fuent</createdBy>
<createdTime>2024-09-17 00:44:00 UTC</createdTime>
<generatorID>E79233F2-D512-ACB9-7372-5AD45C4CB2A9</generatorID>
<ownerDesignName>EXP2_S6_CESAR_FUENTES</ownerDesignName>
<useDomainConstraints>false</useDomainConstraints>
<use>1</use>
<logicalDatatype>LOGDT011</logicalDatatype>
<ownDataTypeParameters>,,</ownDataTypeParameters>
<previousColumn>false</previousColumn>
<autoIncrementCycle>false</autoIncrementCycle>
<associations>
<colAssociation fkAssociation="D5B67D1C-0F60-879A-E26A-7371FFB586C8" referredColumn="BDCCFD1D-6DFF-AF57-B8B2-2803687C070E"/>
</associations>
</Column>
<Column name="SEGUIMIENTO_id_seguimiento" id="08E22D0E-9B85-6665-4DB2-B56CDC8FB9FD">
<createdBy>fuent</createdBy>
<createdTime>2024-09-17 00:44:00 UTC</createdTime>
<generatorID>5AFFB559-F254-DCF0-B403-BB480074D30D</generatorID>
<ownerDesignName>EXP2_S6_CESAR_FUENTES</ownerDesignName>
<useDomainConstraints>false</useDomainConstraints>
<use>1</use>
<logicalDatatype>LOGDT011</logicalDatatype>
<ownDataTypeParameters>,,</ownDataTypeParameters>
<previousColumn>false</previousColumn>
<autoIncrementCycle>false</autoIncrementCycle>
<associations>
<colAssociation fkAssociation="88026479-D03F-5675-9FCB-B46EE4E5F6E3" referredColumn="6F274927-A8F5-3AF7-FBBA-06C6141A3AF8"/>
</associations>
</Column>
</columns>
<indexes itemClass="oracle.dbtools.crest.model.design.relational.Index">
<ind_PK_UK id="7D243B98-890C-94E9-4D92-94EEEF87AB31" name="ORDEN_SERVICIO_PK">
<createdBy>fuent</createdBy>
<createdTime>2024-09-17 00:44:00 UTC</createdTime>
<generatorID>C503183B-1B09-029D-13DC-46BFF6555104</generatorID>
<ownerDesignName>EXP2_S6_CESAR_FUENTES</ownerDesignName>
<pk>true</pk>
<indexState>Primary Constraint</indexState>
<isSurrogateKey>false</isSurrogateKey>
<indexColumnUsage>
<colUsage columnID="5E16C911-B634-F05E-78E5-C66519112A84"/>
</indexColumnUsage>
</ind_PK_UK>
<ind_PK_UK id="9DFAC22E-8891-C82B-7AD5-A73E5A6AA0B6" name="ORDEN_SERVICIO__IDX">
<createdBy>fuent</createdBy>
<createdTime>2024-09-17 00:44:01 UTC</createdTime>
<ownerDesignName>EXP2_S6_CESAR_FUENTES</ownerDesignName>
<indexState>Unique Plain Index</indexState>
<isSurrogateKey>false</isSurrogateKey>
<relationGeneratorID>E9D5A562-AE38-2DE6-E4C4-9577F436E562</relationGeneratorID>
<indexColumnUsage>
<colUsage columnID="E205E485-DB79-A301-9D7D-8955582D6FB3"/>
</indexColumnUsage>
</ind_PK_UK>
<ind_PK_UK id="C4E9A32B-E630-0D3C-680A-0E0877385B88" name="ORDEN_SERVICIO__IDXv1">
<createdBy>fuent</createdBy>
<createdTime>2024-09-17 00:44:01 UTC</createdTime>
<ownerDesignName>EXP2_S6_CESAR_FUENTES</ownerDesignName>
<indexState>Unique Plain Index</indexState>
<isSurrogateKey>false</isSurrogateKey>
<relationGeneratorID>12FAAC96-7930-585E-3B1E-82D77C97268B</relationGeneratorID>
<indexColumnUsage>
<colUsage columnID="08E22D0E-9B85-6665-4DB2-B56CDC8FB9FD"/>
</indexColumnUsage>
</ind_PK_UK>
<ind_PK_UK id="4B272118-2C36-3A3A-B604-49948D9E257C" name="ORDEN_SERVICIO_VALIDACION_FK">
<createdBy>fuent</createdBy>
<createdTime>2024-09-17 00:44:01 UTC</createdTime>
<generatorID>E9D5A562-AE38-2DE6-E4C4-9577F436E562</generatorID>
<ownerDesignName>EXP2_S6_CESAR_FUENTES</ownerDesignName>
<indexState>Foreign Key</indexState>
<isSurrogateKey>false</isSurrogateKey>
<indexColumnUsage>
<colUsage columnID="E205E485-DB79-A301-9D7D-8955582D6FB3"/>
</indexColumnUsage>
</ind_PK_UK>
<ind_PK_UK id="42724A77-D8AC-B04A-6EEB-18AFA262422C" name="ORDEN_SERVICIO_SEGUIMIENTO_FK">
<createdBy>fuent</createdBy>
<createdTime>2024-09-17 00:44:01 UTC</createdTime>
<generatorID>12FAAC96-7930-585E-3B1E-82D77C97268B</generatorID>
<ownerDesignName>EXP2_S6_CESAR_FUENTES</ownerDesignName>
<indexState>Foreign Key</indexState>
<isSurrogateKey>false</isSurrogateKey>
<indexColumnUsage>
<colUsage columnID="08E22D0E-9B85-6665-4DB2-B56CDC8FB9FD"/>
</indexColumnUsage>
</ind_PK_UK>
<ind_PK_UK id="318AD582-6A16-EFD0-51A0-A382FD02BE36" name="ORDEN_SERVICIO_CLIENTE_FK">
<createdBy>fuent</createdBy>
<createdTime>2024-09-17 00:44:01 UTC</createdTime>
<generatorID>6BB33D2F-5E91-FCD4-69A0-7155A22E7384</generatorID>
<ownerDesignName>EXP2_S6_CESAR_FUENTES</ownerDesignName>
<indexState>Foreign Key</indexState>
<isSurrogateKey>false</isSurrogateKey>
<indexColumnUsage>
<colUsage columnID="EA4EA22F-2AAF-3021-CB96-AA077A39F681"/>
</indexColumnUsage>
</ind_PK_UK>
<ind_PK_UK id="2916B076-EBF1-B648-FC2C-1D13DA9FABA6" name="ORDEN_SERVICIO_VEHICULO_FK">
<createdBy>fuent</createdBy>
<createdTime>2024-09-17 00:44:01 UTC</createdTime>
<generatorID>8D27F468-7963-E667-E8EA-DEE8E64F2E4B</generatorID>
<ownerDesignName>EXP2_S6_CESAR_FUENTES</ownerDesignName>
<indexState>Foreign Key</indexState>
<isSurrogateKey>false</isSurrogateKey>
<indexColumnUsage>
<colUsage columnID="059D9C63-BDB7-0B78-CCA8-E0A4F7885C18"/>
<colUsage columnID="23180411-882D-786F-5E39-D673DA4393EE"/>
</indexColumnUsage>
</ind_PK_UK>
</indexes>
</Table>