<?xml version = '1.0' encoding = 'UTF-8'?>
<Table class="oracle.dbtools.crest.model.design.relational.Table" directorySegmentName="seg_0" id="8FD32F09-B672-4839-FA82-222837A6B3F8" name="VEHICULO">
<createdBy>fuent</createdBy>
<createdTime>2024-09-17 00:44:00 UTC</createdTime>
<generatorID>DC73B22D-353B-8890-666F-E050A5AD5B51</generatorID>
<ownerDesignName>EXP2_S6_CESAR_FUENTES</ownerDesignName>
<allowColumnReorder>false</allowColumnReorder>
<existDependencyGenerateInDDl>true</existDependencyGenerateInDDl>
<parsed>true</parsed>
<columns itemClass="oracle.dbtools.crest.model.design.relational.Column">
<Column name="patente" id="B5DBB767-2A53-A5A7-CA47-9C9ABD90370A">
<createdBy>fuent</createdBy>
<createdTime>2024-09-17 00:44:00 UTC</createdTime>
<generatorID>6C2B2935-6A70-0751-F0BD-4ADDF753DAA9</generatorID>
<ownerDesignName>EXP2_S6_CESAR_FUENTES</ownerDesignName>
<useDomainConstraints>false</useDomainConstraints>
<use>1</use>
<logicalDatatype>LOGDT011</logicalDatatype>
<ownDataTypeParameters>,,</ownDataTypeParameters>
<autoIncrementCycle>false</autoIncrementCycle>
</Column>
<Column name="ano" id="24E0D420-969A-721D-2A2C-A6B2001C686A">
<createdBy>fuent</createdBy>
<createdTime>2024-09-17 00:44:00 UTC</createdTime>
<generatorID>E80ACBF6-D798-6F36-998C-0ADB8556A1CC</generatorID>
<ownerDesignName>EXP2_S6_CESAR_FUENTES</ownerDesignName>
<useDomainConstraints>false</useDomainConstraints>
<use>1</use>
<logicalDatatype>LOGDT007</logicalDatatype>
<ownDataTypeParameters>,,</ownDataTypeParameters>
<autoIncrementCycle>false</autoIncrementCycle>
</Column>
<Column name="color" id="EF2BAB4D-01EE-AA7D-6F24-462D42849339">
<createdBy>fuent</createdBy>
<createdTime>2024-09-17 00:44:00 UTC</createdTime>
<generatorID>8CB57567-E2F0-F824-4B7E-1092323824F9</generatorID>
<ownerDesignName>EXP2_S6_CESAR_FUENTES</ownerDesignName>
<nullsAllowed>true</nullsAllowed>
<useDomainConstraints>false</useDomainConstraints>
<use>1</use>
<logicalDatatype>LOGDT024</logicalDatatype>
<dataTypeSize>10 BYTE</dataTypeSize>
<ownDataTypeParameters>10 BYTE,,</ownDataTypeParameters>
<autoIncrementCycle>false</autoIncrementCycle>
</Column>
<Column name="CLIENTE_rut" id="338EB42B-7B68-98BA-B04E-FD5C3F0B863A">
<createdBy>fuent</createdBy>
<createdTime>2024-09-17 00:44:00 UTC</createdTime>
<generatorID>DB0076A7-2DF8-E550-96E9-BE15874F1BCD</generatorID>
<ownerDesignName>EXP2_S6_CESAR_FUENTES</ownerDesignName>
<useDomainConstraints>false</useDomainConstraints>
<use>1</use>
<logicalDatatype>LOGDT024</logicalDatatype>
<dataTypeSize>12 BYTE</dataTypeSize>
<ownDataTypeParameters>,,</ownDataTypeParameters>
<previousColumn>false</previousColumn>
<autoIncrementCycle>false</autoIncrementCycle>
<associations>
<colAssociation fkAssociation="BBFB7144-A824-C034-D510-E1107C743237" referredColumn="7EF35DF6-CEFC-AABD-AFA5-5460245CE4C4"/>
</associations>
</Column>
<Column name="MARCA_id_marca" id="DDDCB93A-19C5-6816-539D-696E2970EC39">
<createdBy>fuent</createdBy>
<createdTime>2024-09-17 00:44:00 UTC</createdTime>
<generatorID>BCD9683A-A3DA-1553-68BC-2D8DD590CAB7</generatorID>
<ownerDesignName>EXP2_S6_CESAR_FUENTES</ownerDesignName>
<useDomainConstraints>false</useDomainConstraints>
<use>1</use>
<logicalDatatype>LOGDT011</logicalDatatype>
<ownDataTypeParameters>,,</ownDataTypeParameters>
<previousColumn>false</previousColumn>
<autoIncrementCycle>false</autoIncrementCycle>
<associations>
<colAssociation fkAssociation="79A4C747-C417-850F-4D72-74E4BED283DC" referredColumn="EBAFD60C-3AEE-89D4-B6A7-9B71149CDF83"/>
</associations>
</Column>
</columns>
<indexes itemClass="oracle.dbtools.crest.model.design.relational.Index">
<ind_PK_UK id="065629C5-4B0E-E2DB-DE36-722637D0425F" name="VEHICULO_PK">
<createdBy>fuent</createdBy>
<createdTime>2024-09-17 00:44:00 UTC</createdTime>
<generatorID>EC8998D0-C6F5-0B81-4C4D-78807E30978C</generatorID>
<ownerDesignName>EXP2_S6_CESAR_FUENTES</ownerDesignName>
<pk>true</pk>
<indexState>Primary Constraint</indexState>
<isSurrogateKey>false</isSurrogateKey>
<indexColumnUsage>
<colUsage columnID="B5DBB767-2A53-A5A7-CA47-9C9ABD90370A"/>
<colUsage columnID="338EB42B-7B68-98BA-B04E-FD5C3F0B863A"/>
</indexColumnUsage>
</ind_PK_UK>
<ind_PK_UK id="42641F53-041C-BF43-17FB-D68A4F8211B4" name="VEHICULO__IDX">
<createdBy>fuent</createdBy>
<createdTime>2024-09-17 00:44:01 UTC</createdTime>
<ownerDesignName>EXP2_S6_CESAR_FUENTES</ownerDesignName>
<indexState>Unique Plain Index</indexState>
<isSurrogateKey>false</isSurrogateKey>
<relationGeneratorID>9F6C8EBD-BA7F-5B18-5982-E49C7B1A90B8</relationGeneratorID>
<indexColumnUsage>
<colUsage columnID="DDDCB93A-19C5-6816-539D-696E2970EC39"/>
</indexColumnUsage>
</ind_PK_UK>
<ind_PK_UK id="E02A6692-0794-36AE-C0AE-B55059821FC4" name="VEHICULO_CLIENTE_FK">
<createdBy>fuent</createdBy>
<createdTime>2024-09-17 00:44:01 UTC</createdTime>
<generatorID>FAE3FB3E-F3B4-71BC-AD32-D51F0B50CE5F</generatorID>
<ownerDesignName>EXP2_S6_CESAR_FUENTES</ownerDesignName>
<indexState>Foreign Key</indexState>
<isSurrogateKey>false</isSurrogateKey>
<indexColumnUsage>
<colUsage columnID="338EB42B-7B68-98BA-B04E-FD5C3F0B863A"/>
</indexColumnUsage>
</ind_PK_UK>
<ind_PK_UK id="13B42814-2AB9-C13B-054C-7228A49992EF" name="VEHICULO_MARCA_FK">
<createdBy>fuent</createdBy>
<createdTime>2024-09-17 00:44:01 UTC</createdTime>
<generatorID>9F6C8EBD-BA7F-5B18-5982-E49C7B1A90B8</generatorID>
<ownerDesignName>EXP2_S6_CESAR_FUENTES</ownerDesignName>
<indexState>Foreign Key</indexState>
<isSurrogateKey>false</isSurrogateKey>
<indexColumnUsage>
<colUsage columnID="DDDCB93A-19C5-6816-539D-696E2970EC39"/>
</indexColumnUsage>
</ind_PK_UK>
</indexes>
</Table>