<?xml version = '1.0' encoding = 'UTF-8'?>
<Table class="oracle.dbtools.crest.model.design.relational.Table" directorySegmentName="seg_0" id="95C7B6B3-212C-7677-6927-7BBA43485AAC" name="COMUNA">
<createdBy>fuent</createdBy>
<createdTime>2024-09-17 00:44:00 UTC</createdTime>
<generatorID>CF897BCF-ACFF-D021-57F3-B38FD6AC8AF2</generatorID>
<ownerDesignName>EXP2_S6_CESAR_FUENTES</ownerDesignName>
<allowColumnReorder>false</allowColumnReorder>
<existDependencyGenerateInDDl>true</existDependencyGenerateInDDl>
<parsed>true</parsed>
<columns itemClass="oracle.dbtools.crest.model.design.relational.Column">
<Column name="id_comuna" id="BC230CA9-1726-F56A-2802-F9EC20C423FB">
<createdBy>fuent</createdBy>
<createdTime>2024-09-17 00:44:00 UTC</createdTime>
<generatorID>E48CB60C-725E-408A-D0C0-063720C5C4E6</generatorID>
<ownerDesignName>EXP2_S6_CESAR_FUENTES</ownerDesignName>
<useDomainConstraints>false</useDomainConstraints>
<use>1</use>
<logicalDatatype>LOGDT011</logicalDatatype>
<ownDataTypeParameters>,,</ownDataTypeParameters>
<autoIncrementCycle>false</autoIncrementCycle>
</Column>
<Column name="n_comuna" id="4DF6F651-E95A-A2E5-7115-77B717B1916F">
<createdBy>fuent</createdBy>
<createdTime>2024-09-17 00:44:00 UTC</createdTime>
<generatorID>D36E8E9E-D9D9-C863-4035-79E6BCBC4E21</generatorID>
<ownerDesignName>EXP2_S6_CESAR_FUENTES</ownerDesignName>
<useDomainConstraints>false</useDomainConstraints>
<use>1</use>
<logicalDatatype>LOGDT024</logicalDatatype>
<dataTypeSize>15 BYTE</dataTypeSize>
<ownDataTypeParameters>15 BYTE,,</ownDataTypeParameters>
<autoIncrementCycle>false</autoIncrementCycle>
</Column>
<Column name="region" id="AA796B06-8D9E-2B3F-731D-763C4E0A10F8">
<createdBy>fuent</createdBy>
<createdTime>2024-09-17 00:44:00 UTC</createdTime>
<generatorID>3FAA87EE-8478-D81B-DCA0-41BA48F5D09B</generatorID>
<ownerDesignName>EXP2_S6_CESAR_FUENTES</ownerDesignName>
<nullsAllowed>true</nullsAllowed>
<useDomainConstraints>false</useDomainConstraints>
<use>1</use>
<logicalDatatype>LOGDT024</logicalDatatype>
<dataTypeSize>15 BYTE</dataTypeSize>
<ownDataTypeParameters>15 BYTE,,</ownDataTypeParameters>
<autoIncrementCycle>false</autoIncrementCycle>
</Column>
</columns>
<indexes itemClass="oracle.dbtools.crest.model.design.relational.Index">
<ind_PK_UK id="32AC2884-0B9F-DB38-FA5B-D6863D065050" name="COMUNA_PK">
<createdBy>fuent</createdBy>
<createdTime>2024-09-17 00:44:00 UTC</createdTime>
<generatorID>2FA93DAE-37DB-2F84-DD1D-06B82F4FA5A8</generatorID>
<ownerDesignName>EXP2_S6_CESAR_FUENTES</ownerDesignName>
<pk>true</pk>
<indexState>Primary Constraint</indexState>
<isSurrogateKey>false</isSurrogateKey>
<indexColumnUsage>
<colUsage columnID="BC230CA9-1726-F56A-2802-F9EC20C423FB"/>
</indexColumnUsage>
</ind_PK_UK>
</indexes>
</Table>