<?xml version = '1.0' encoding = 'UTF-8'?>
<Table class="oracle.dbtools.crest.model.design.relational.Table" directorySegmentName="seg_0" id="CEC6AFDD-3FD7-C0C1-F8CB-D911F1015084" name="DIRECCION">
<createdBy>fuent</createdBy>
<createdTime>2024-09-17 00:44:00 UTC</createdTime>
<generatorID>EBC487FE-9A3B-B70C-E2BC-2D9CB6D60159</generatorID>
<ownerDesignName>EXP2_S6_CESAR_FUENTES</ownerDesignName>
<allowColumnReorder>false</allowColumnReorder>
<existDependencyGenerateInDDl>true</existDependencyGenerateInDDl>
<parsed>true</parsed>
<columns itemClass="oracle.dbtools.crest.model.design.relational.Column">
<Column name="id_direccion" id="3A1F4E89-DE36-D055-D883-BB3AC31065CC">
<createdBy>fuent</createdBy>
<createdTime>2024-09-17 00:44:00 UTC</createdTime>
<generatorID>4F87128B-FC96-B7DC-1724-7DF350116AA5</generatorID>
<ownerDesignName>EXP2_S6_CESAR_FUENTES</ownerDesignName>
<useDomainConstraints>false</useDomainConstraints>
<use>1</use>
<logicalDatatype>LOGDT011</logicalDatatype>
<ownDataTypeParameters>,,</ownDataTypeParameters>
<autoIncrementCycle>false</autoIncrementCycle>
</Column>
<Column name="n_direccion" id="FE116939-20C4-9784-77A9-B96A91015001">
<createdBy>fuent</createdBy>
<createdTime>2024-09-17 00:44:00 UTC</createdTime>
<generatorID>2FC57246-A473-6DBA-1F89-1DFAA6A1A31E</generatorID>
<ownerDesignName>EXP2_S6_CESAR_FUENTES</ownerDesignName>
<useDomainConstraints>false</useDomainConstraints>
<use>1</use>
<logicalDatatype>LOGDT024</logicalDatatype>
<dataTypeSize>15 BYTE</dataTypeSize>
<ownDataTypeParameters>15 BYTE,,</ownDataTypeParameters>
<autoIncrementCycle>false</autoIncrementCycle>
</Column>
<Column name="CLIENTE_rut" id="D565F6C5-C70A-363B-D51F-DFD4052FB1C2">
<createdBy>fuent</createdBy>
<createdTime>2024-09-17 00:44:00 UTC</createdTime>
<generatorID>C008751A-39CC-3EC2-AFB0-00EC29A5BFB0</generatorID>
<ownerDesignName>EXP2_S6_CESAR_FUENTES</ownerDesignName>
<useDomainConstraints>false</useDomainConstraints>
<use>1</use>
<logicalDatatype>LOGDT024</logicalDatatype>
<dataTypeSize>12 BYTE</dataTypeSize>
<ownDataTypeParameters>,,</ownDataTypeParameters>
<previousColumn>false</previousColumn>
<autoIncrementCycle>false</autoIncrementCycle>
<associations>
<colAssociation fkAssociation="D68A9346-8684-FD80-8B8F-CA1D44D6DAB0" referredColumn="7EF35DF6-CEFC-AABD-AFA5-5460245CE4C4"/>
</associations>
</Column>
<Column name="COMUNA_id_comuna" id="14E06AC5-B6E2-8E24-19D8-B28EF24B340F">
<createdBy>fuent</createdBy>
<createdTime>2024-09-17 00:44:00 UTC</createdTime>
<generatorID>E11F6357-505D-9C26-FB23-0A96849AABEE</generatorID>
<ownerDesignName>EXP2_S6_CESAR_FUENTES</ownerDesignName>
<useDomainConstraints>false</useDomainConstraints>
<use>1</use>
<logicalDatatype>LOGDT011</logicalDatatype>
<ownDataTypeParameters>,,</ownDataTypeParameters>
<previousColumn>false</previousColumn>
<autoIncrementCycle>false</autoIncrementCycle>
<associations>
<colAssociation fkAssociation="C6CDBC8C-6948-9D71-02CF-F8C76AA3D41C" referredColumn="BC230CA9-1726-F56A-2802-F9EC20C423FB"/>
</associations>
</Column>
</columns>
<indexes itemClass="oracle.dbtools.crest.model.design.relational.Index">
<ind_PK_UK id="7B8FCFF7-AB83-53ED-FAFC-6409BD4552D1" name="DIRECCION_PK">
<createdBy>fuent</createdBy>
<createdTime>2024-09-17 00:44:00 UTC</createdTime>
<generatorID>9A2C190A-6FF4-A0E8-A87A-29B224C3262B</generatorID>
<ownerDesignName>EXP2_S6_CESAR_FUENTES</ownerDesignName>
<pk>true</pk>
<indexState>Primary Constraint</indexState>
<isSurrogateKey>false</isSurrogateKey>
<indexColumnUsage>
<colUsage columnID="3A1F4E89-DE36-D055-D883-BB3AC31065CC"/>
</indexColumnUsage>
</ind_PK_UK>
<ind_PK_UK id="87DA6414-14B1-224E-B8C0-05B82B49171B" name="DIRECCION_COMUNA_FK">
<createdBy>fuent</createdBy>
<createdTime>2024-09-17 00:44:01 UTC</createdTime>
<generatorID>1BFEC266-6DB5-55EB-4DD4-0DD53E373E6B</generatorID>
<ownerDesignName>EXP2_S6_CESAR_FUENTES</ownerDesignName>
<indexState>Foreign Key</indexState>
<isSurrogateKey>false</isSurrogateKey>
<indexColumnUsage>
<colUsage columnID="14E06AC5-B6E2-8E24-19D8-B28EF24B340F"/>
</indexColumnUsage>
</ind_PK_UK>
<ind_PK_UK id="6F035B44-7142-1EF2-2002-CADA236F7701" name="DIRECCION_CLIENTE_FK">
<createdBy>fuent</createdBy>
<createdTime>2024-09-17 00:44:01 UTC</createdTime>
<generatorID>149CDCFB-5F7A-E6D9-CB44-6E3F56F897BD</generatorID>
<ownerDesignName>EXP2_S6_CESAR_FUENTES</ownerDesignName>
<indexState>Foreign Key</indexState>
<isSurrogateKey>false</isSurrogateKey>
<indexColumnUsage>
<colUsage columnID="D565F6C5-C70A-363B-D51F-DFD4052FB1C2"/>
</indexColumnUsage>
</ind_PK_UK>
</indexes>
</Table>