<?xml version = '1.0' encoding = 'UTF-8'?>
<Table class="oracle.dbtools.crest.model.design.relational.Table" directorySegmentName="seg_0" id="EE5740C5-19FF-0155-1D1F-4EF454920463" name="SERVICIO">
<createdBy>fuent</createdBy>
<createdTime>2024-09-17 00:44:00 UTC</createdTime>
<generatorID>347B957D-ADA5-108D-DA44-42BF3CC09D6A</generatorID>
<ownerDesignName>EXP2_S6_CESAR_FUENTES</ownerDesignName>
<allowColumnReorder>false</allowColumnReorder>
<existDependencyGenerateInDDl>true</existDependencyGenerateInDDl>
<parsed>true</parsed>
<columns itemClass="oracle.dbtools.crest.model.design.relational.Column">
<Column name="id_servicio" id="445BDBCF-805D-4DCF-4574-43128A524BDB">
<createdBy>fuent</createdBy>
<createdTime>2024-09-17 00:44:00 UTC</createdTime>
<generatorID>C8909ADB-A957-202E-6F10-EA0116DB3EAF</generatorID>
<ownerDesignName>EXP2_S6_CESAR_FUENTES</ownerDesignName>
<useDomainConstraints>false</useDomainConstraints>
<use>1</use>
<ownDataTypeParameters>,,</ownDataTypeParameters>
<autoIncrementCycle>false</autoIncrementCycle>
</Column>
<Column name="descripcion" id="726058CB-4FD4-FAD2-4AA6-1BBF6AAFB58A">
<createdBy>fuent</createdBy>
<createdTime>2024-09-17 00:44:00 UTC</createdTime>
<generatorID>49C955EC-C4D4-BD72-D61E-6EBB23FA136E</generatorID>
<ownerDesignName>EXP2_S6_CESAR_FUENTES</ownerDesignName>
<useDomainConstraints>false</useDomainConstraints>
<use>1</use>
<logicalDatatype>LOGDT024</logicalDatatype>
<dataTypeSize>12 BYTE</dataTypeSize>
<ownDataTypeParameters>12 BYTE,,</ownDataTypeParameters>
<autoIncrementCycle>false</autoIncrementCycle>
</Column>
<Column name="costo" id="3C8DE2BC-23EC-E606-1CF5-BBC18AF4483F">
<createdBy>fuent</createdBy>
<createdTime>2024-09-17 00:44:00 UTC</createdTime>
<generatorID>2EAF3309-FA92-3E18-50F7-380EC4BAF7C8</generatorID>
<ownerDesignName>EXP2_S6_CESAR_FUENTES</ownerDesignName>
<useDomainConstraints>false</useDomainConstraints>
<use>1</use>
<logicalDatatype>LOGDT011</logicalDatatype>
<ownDataTypeParameters>,,</ownDataTypeParameters>
<autoIncrementCycle>false</autoIncrementCycle>
</Column>
<Column name="DETALLE_ORDEN_ORDEN_SERVICIO_id_orden" id="A3E642EB-E0C5-D0FD-58B3-02A6A39A7E4D">
<createdBy>fuent</createdBy>
<createdTime>2024-09-17 00:44:00 UTC</createdTime>
<generatorID>11E3F27D-309D-F9D5-C299-9DDA5E15AC16</generatorID>
<ownerDesignName>EXP2_S6_CESAR_FUENTES</ownerDesignName>
<useDomainConstraints>false</useDomainConstraints>
<use>1</use>
<logicalDatatype>LOGDT011</logicalDatatype>
<ownDataTypeParameters>,,</ownDataTypeParameters>
<previousColumn>false</previousColumn>
<autoIncrementCycle>false</autoIncrementCycle>
<associations>
<colAssociation fkAssociation="749B9CF1-8229-8AC7-2C09-5D811FFCA529" referredColumn="F5DABF00-BBE5-5003-E701-C4E6C2F2A606"/>
</associations>
</Column>
</columns>
<indexes itemClass="oracle.dbtools.crest.model.design.relational.Index">
<ind_PK_UK id="7F5AD8C3-9B16-647C-BBA1-46B2729D1F50" name="SERVICIO_PK">
<createdBy>fuent</createdBy>
<createdTime>2024-09-17 00:44:00 UTC</createdTime>
<generatorID>DC19BF31-D80E-B1C6-F977-98199DA0CED5</generatorID>
<ownerDesignName>EXP2_S6_CESAR_FUENTES</ownerDesignName>
<pk>true</pk>
<indexState>Primary Constraint</indexState>
<isSurrogateKey>false</isSurrogateKey>
<indexColumnUsage>
<colUsage columnID="445BDBCF-805D-4DCF-4574-43128A524BDB"/>
<colUsage columnID="A3E642EB-E0C5-D0FD-58B3-02A6A39A7E4D"/>
</indexColumnUsage>
</ind_PK_UK>
<ind_PK_UK id="6BCE1B8C-1EAD-7003-2CB4-31E595F4DF93" name="SERVICIO_DETALLE_ORDEN_FK">
<createdBy>fuent</createdBy>
<createdTime>2024-09-17 00:44:01 UTC</createdTime>
<generatorID>AAA997DF-4EF3-81A9-93B1-9B4DAB75A1D4</generatorID>
<ownerDesignName>EXP2_S6_CESAR_FUENTES</ownerDesignName>
<indexState>Foreign Key</indexState>
<isSurrogateKey>false</isSurrogateKey>
<indexColumnUsage>
<colUsage columnID="A3E642EB-E0C5-D0FD-58B3-02A6A39A7E4D"/>
</indexColumnUsage>
</ind_PK_UK>
</indexes>
</Table>