<?xml version = '1.0' encoding = 'UTF-8'?>
<FKIndexAssociation class="oracle.dbtools.crest.model.design.relational.FKIndexAssociation" directorySegmentName="seg_0" id="17BB780F-B386-1558-9C57-5D0A593C9E22" containerWithKeyObject="4C4ABE15-3743-540B-4497-CD3189EF434C" localFKIndex="4D3A5A46-F6CC-8A34-A9BC-341227342998" name="REPUESTO_DETALLE_ORDEN_FK">
<createdBy>fuent</createdBy>
<createdTime>2024-09-17 00:44:01 UTC</createdTime>
<generatorID>2161876F-2184-271F-DD4B-2B7AE3BFD111</generatorID>
<ownerDesignName>EXP2_S6_CESAR_FUENTES</ownerDesignName>
<referredTableLongName>DETALLE_ORDEN</referredTableLongName>
<deleteRule>NO ACTION</deleteRule>
<referredTableID>3807AA7D-19FC-8744-F863-A11893C02353</referredTableID>
<keyObject>BB68A41C-40AC-D4A7-B7F9-EE1EACBC7B33</keyObject>
<referredKeyID>BB68A41C-40AC-D4A7-B7F9-EE1EACBC7B33</referredKeyID>
<mandatory>true</mandatory>
<refColNames>ORDEN_SERVICIO_id_orden</refColNames>
<transferable>true</transferable>
<rely>false</rely>
<columnDependencyConstraintGenerateInDDL>true</columnDependencyConstraintGenerateInDDL>
</FKIndexAssociation>