<?xml version = '1.0' encoding = 'UTF-8'?>
<FKIndexAssociation class="oracle.dbtools.crest.model.design.relational.FKIndexAssociation" directorySegmentName="seg_0" id="5E060FAE-57A7-3D1C-7AB5-AA1120BB2D38" containerWithKeyObject="5F9866F3-B142-4005-7685-34255BB711AD" localFKIndex="1FDE50A9-45E5-3503-3181-5A6B3A6EC362" name="SEGUIMIENTO_ORDEN_SERVICIO_FK">
<createdBy>fuent</createdBy>
<createdTime>2024-09-17 00:44:01 UTC</createdTime>
<generatorID>12FAAC96-7930-585E-3B1E-82D77C97268B</generatorID>
<ownerDesignName>EXP2_S6_CESAR_FUENTES</ownerDesignName>
<referredTableLongName>ORDEN_SERVICIO</referredTableLongName>
<deleteRule>NO ACTION</deleteRule>
<referredTableID>6F96F099-6927-9F99-2F41-3C9DDABC3B18</referredTableID>
<keyObject>7D243B98-890C-94E9-4D92-94EEEF87AB31</keyObject>
<referredKeyID>7D243B98-890C-94E9-4D92-94EEEF87AB31</referredKeyID>
<mandatory>true</mandatory>
<refColNames>id_orden</refColNames>
<transferable>true</transferable>
<rely>false</rely>
<columnDependencyConstraintGenerateInDDL>true</columnDependencyConstraintGenerateInDDL>
</FKIndexAssociation>