<?xml version = '1.0' encoding = 'UTF-8'?>
<FKIndexAssociation class="oracle.dbtools.crest.model.design.relational.FKIndexAssociation" directorySegmentName="seg_0" id="6CF05371-056D-3708-162E-A50C7C63C675" containerWithKeyObject="6F96F099-6927-9F99-2F41-3C9DDABC3B18" localFKIndex="2916B076-EBF1-B648-FC2C-1D13DA9FABA6" name="ORDEN_SERVICIO_VEHICULO_FK">
<createdBy>fuent</createdBy>
<createdTime>2024-09-17 00:44:01 UTC</createdTime>
<generatorID>8D27F468-7963-E667-E8EA-DEE8E64F2E4B</generatorID>
<ownerDesignName>EXP2_S6_CESAR_FUENTES</ownerDesignName>
<referredTableLongName>VEHICULO</referredTableLongName>
<deleteRule>NO ACTION</deleteRule>
<referredTableID>8FD32F09-B672-4839-FA82-222837A6B3F8</referredTableID>
<keyObject>065629C5-4B0E-E2DB-DE36-722637D0425F</keyObject>
<referredKeyID>065629C5-4B0E-E2DB-DE36-722637D0425F</referredKeyID>
<mandatory>false</mandatory>
<refColNames>patente,CLIENTE_rut</refColNames>
<transferable>true</transferable>
<rely>false</rely>
<columnDependencyConstraintGenerateInDDL>true</columnDependencyConstraintGenerateInDDL>
</FKIndexAssociation>