<?xml version = '1.0' encoding = 'UTF-8'?>
<FKIndexAssociation class="oracle.dbtools.crest.model.design.relational.FKIndexAssociation" directorySegmentName="seg_0" id="727DAF71-0A4E-AD18-E514-F5EC6CD32D85" containerWithKeyObject="11DEA341-AA93-A9D7-3BBD-DBE688D5B77F" localFKIndex="19697378-1895-94BB-44C7-BBFCEF2A2983" name="MARCA_VEHICULO_FK">
<createdBy>fuent</createdBy>
<createdTime>2024-09-17 00:44:01 UTC</createdTime>
<generatorID>9F6C8EBD-BA7F-5B18-5982-E49C7B1A90B8</generatorID>
<ownerDesignName>EXP2_S6_CESAR_FUENTES</ownerDesignName>
<referredTableLongName>VEHICULO</referredTableLongName>
<deleteRule>NO ACTION</deleteRule>
<referredTableID>8FD32F09-B672-4839-FA82-222837A6B3F8</referredTableID>
<keyObject>065629C5-4B0E-E2DB-DE36-722637D0425F</keyObject>
<referredKeyID>065629C5-4B0E-E2DB-DE36-722637D0425F</referredKeyID>
<mandatory>true</mandatory>
<refColNames>patente,CLIENTE_rut</refColNames>
<transferable>true</transferable>
<rely>false</rely>
<columnDependencyConstraintGenerateInDDL>true</columnDependencyConstraintGenerateInDDL>
</FKIndexAssociation>