<?xml version = '1.0' encoding = 'UTF-8'?>
<FKIndexAssociation class="oracle.dbtools.crest.model.design.relational.FKIndexAssociation" directorySegmentName="seg_0" id="749B9CF1-8229-8AC7-2C09-5D811FFCA529" containerWithKeyObject="EE5740C5-19FF-0155-1D1F-4EF454920463" localFKIndex="6BCE1B8C-1EAD-7003-2CB4-31E595F4DF93" name="SERVICIO_DETALLE_ORDEN_FK">
<createdBy>fuent</createdBy>
<createdTime>2024-09-17 00:44:01 UTC</createdTime>
<generatorID>AAA997DF-4EF3-81A9-93B1-9B4DAB75A1D4</generatorID>
<ownerDesignName>EXP2_S6_CESAR_FUENTES</ownerDesignName>
<referredTableLongName>DETALLE_ORDEN</referredTableLongName>
<deleteRule>NO ACTION</deleteRule>
<referredTableID>3807AA7D-19FC-8744-F863-A11893C02353</referredTableID>
<keyObject>BB68A41C-40AC-D4A7-B7F9-EE1EACBC7B33</keyObject>
<referredKeyID>BB68A41C-40AC-D4A7-B7F9-EE1EACBC7B33</referredKeyID>
<mandatory>true</mandatory>
<refColNames>ORDEN_SERVICIO_id_orden</refColNames>
<transferable>true</transferable>
<rely>false</rely>
<columnDependencyConstraintGenerateInDDL>true</columnDependencyConstraintGenerateInDDL>
</FKIndexAssociation>