<?xml version = '1.0' encoding = 'UTF-8'?>
<FKIndexAssociation class="oracle.dbtools.crest.model.design.relational.FKIndexAssociation" directorySegmentName="seg_0" id="79A4C747-C417-850F-4D72-74E4BED283DC" containerWithKeyObject="8FD32F09-B672-4839-FA82-222837A6B3F8" localFKIndex="13B42814-2AB9-C13B-054C-7228A49992EF" name="VEHICULO_MARCA_FK">
<createdBy>fuent</createdBy>
<createdTime>2024-09-17 00:44:01 UTC</createdTime>
<generatorID>9F6C8EBD-BA7F-5B18-5982-E49C7B1A90B8</generatorID>
<ownerDesignName>EXP2_S6_CESAR_FUENTES</ownerDesignName>
<referredTableLongName>MARCA</referredTableLongName>
<deleteRule>NO ACTION</deleteRule>
<referredTableID>11DEA341-AA93-A9D7-3BBD-DBE688D5B77F</referredTableID>
<keyObject>68A04935-61D2-4989-3406-5BC9FF2B4144</keyObject>
<referredKeyID>68A04935-61D2-4989-3406-5BC9FF2B4144</referredKeyID>
<mandatory>true</mandatory>
<refColNames>id_marca</refColNames>
<transferable>true</transferable>
<rely>false</rely>
<columnDependencyConstraintGenerateInDDL>true</columnDependencyConstraintGenerateInDDL>
</FKIndexAssociation>