<?xml version = '1.0' encoding = 'UTF-8'?>
<FKIndexAssociation class="oracle.dbtools.crest.model.design.relational.FKIndexAssociation" directorySegmentName="seg_0" id="847199A3-BB20-C32C-24A1-D06264EF6270" containerWithKeyObject="6F96F099-6927-9F99-2F41-3C9DDABC3B18" localFKIndex="318AD582-6A16-EFD0-51A0-A382FD02BE36" name="ORDEN_SERVICIO_CLIENTE_FK">
<createdBy>fuent</createdBy>
<createdTime>2024-09-17 00:44:01 UTC</createdTime>
<generatorID>6BB33D2F-5E91-FCD4-69A0-7155A22E7384</generatorID>
<ownerDesignName>EXP2_S6_CESAR_FUENTES</ownerDesignName>
<referredTableLongName>CLIENTE</referredTableLongName>
<deleteRule>NO ACTION</deleteRule>
<referredTableID>038D2F65-BB9F-7394-807F-EB0EB2B47C3D</referredTableID>
<keyObject>DFED8D67-F7C6-1497-293C-235433792C2E</keyObject>
<referredKeyID>DFED8D67-F7C6-1497-293C-235433792C2E</referredKeyID>
<mandatory>false</mandatory>
<refColNames>rut</refColNames>
<transferable>true</transferable>
<rely>false</rely>
<columnDependencyConstraintGenerateInDDL>true</columnDependencyConstraintGenerateInDDL>
</FKIndexAssociation>