<?xml version = '1.0' encoding = 'UTF-8'?>
<FKIndexAssociation class="oracle.dbtools.crest.model.design.relational.FKIndexAssociation" directorySegmentName="seg_0" id="88026479-D03F-5675-9FCB-B46EE4E5F6E3" containerWithKeyObject="6F96F099-6927-9F99-2F41-3C9DDABC3B18" localFKIndex="42724A77-D8AC-B04A-6EEB-18AFA262422C" name="ORDEN_SERVICIO_SEGUIMIENTO_FK">
<createdBy>fuent</createdBy>
<createdTime>2024-09-17 00:44:01 UTC</createdTime>
<generatorID>12FAAC96-7930-585E-3B1E-82D77C97268B</generatorID>
<ownerDesignName>EXP2_S6_CESAR_FUENTES</ownerDesignName>
<referredTableLongName>SEGUIMIENTO</referredTableLongName>
<deleteRule>NO ACTION</deleteRule>
<referredTableID>5F9866F3-B142-4005-7685-34255BB711AD</referredTableID>
<keyObject>3CDF96C1-A57B-F39B-9BA7-EE5703A1650A</keyObject>
<referredKeyID>3CDF96C1-A57B-F39B-9BA7-EE5703A1650A</referredKeyID>
<mandatory>true</mandatory>
<refColNames>id_seguimiento</refColNames>
<transferable>true</transferable>
<rely>false</rely>
<columnDependencyConstraintGenerateInDDL>true</columnDependencyConstraintGenerateInDDL>
</FKIndexAssociation>