<?xml version = '1.0' encoding = 'UTF-8'?>
<FKIndexAssociation class="oracle.dbtools.crest.model.design.relational.FKIndexAssociation" directorySegmentName="seg_0" id="B502E627-2E38-837D-FCFF-61C3CA954496" containerWithKeyObject="0B3E117D-DAB7-180D-3419-C9AE247ADF9E" localFKIndex="084BCFD4-B0C0-57C7-351E-BAF578AE0E8E" name="ESTADO_SEGUIMIENTO_SEGUIMIENTO_FK">
<createdBy>fuent</createdBy>
<createdTime>2024-09-17 00:44:01 UTC</createdTime>
<generatorID>FEDE0383-ACBB-DDE3-B57C-35A509ADC45C</generatorID>
<ownerDesignName>EXP2_S6_CESAR_FUENTES</ownerDesignName>
<referredTableLongName>SEGUIMIENTO</referredTableLongName>
<deleteRule>NO ACTION</deleteRule>
<referredTableID>5F9866F3-B142-4005-7685-34255BB711AD</referredTableID>
<keyObject>3CDF96C1-A57B-F39B-9BA7-EE5703A1650A</keyObject>
<referredKeyID>3CDF96C1-A57B-F39B-9BA7-EE5703A1650A</referredKeyID>
<mandatory>true</mandatory>
<refColNames>id_seguimiento</refColNames>
<transferable>true</transferable>
<rely>false</rely>
<columnDependencyConstraintGenerateInDDL>true</columnDependencyConstraintGenerateInDDL>
</FKIndexAssociation>