<?xml version = '1.0' encoding = 'UTF-8'?>
<FKIndexAssociation class="oracle.dbtools.crest.model.design.relational.FKIndexAssociation" directorySegmentName="seg_0" id="BB4C09B0-CE1C-738C-531A-AAB99055A19B" containerWithKeyObject="3807AA7D-19FC-8744-F863-A11893C02353" localFKIndex="ABC9274A-9EE9-A98F-2F14-7D892577469B" name="DETALLE_ORDEN_ORDEN_SERVICIO_FK">
<createdBy>fuent</createdBy>
<createdTime>2024-09-17 00:44:00 UTC</createdTime>
<generatorID>AC0462B9-6EA6-3BAE-0267-47B16CA06894</generatorID>
<ownerDesignName>EXP2_S6_CESAR_FUENTES</ownerDesignName>
<referredTableLongName>ORDEN_SERVICIO</referredTableLongName>
<deleteRule>NO ACTION</deleteRule>
<referredTableID>6F96F099-6927-9F99-2F41-3C9DDABC3B18</referredTableID>
<keyObject>7D243B98-890C-94E9-4D92-94EEEF87AB31</keyObject>
<referredKeyID>7D243B98-890C-94E9-4D92-94EEEF87AB31</referredKeyID>
<mandatory>true</mandatory>
<refColNames>id_orden</refColNames>
<transferable>true</transferable>
<rely>false</rely>
<columnDependencyConstraintGenerateInDDL>true</columnDependencyConstraintGenerateInDDL>
</FKIndexAssociation>