<?xml version = '1.0' encoding = 'UTF-8'?>
<FKIndexAssociation class="oracle.dbtools.crest.model.design.relational.FKIndexAssociation" directorySegmentName="seg_0" id="BBFB7144-A824-C034-D510-E1107C743237" containerWithKeyObject="8FD32F09-B672-4839-FA82-222837A6B3F8" localFKIndex="E02A6692-0794-36AE-C0AE-B55059821FC4" name="VEHICULO_CLIENTE_FK">
<createdBy>fuent</createdBy>
<createdTime>2024-09-17 00:44:01 UTC</createdTime>
<generatorID>FAE3FB3E-F3B4-71BC-AD32-D51F0B50CE5F</generatorID>
<ownerDesignName>EXP2_S6_CESAR_FUENTES</ownerDesignName>
<referredTableLongName>CLIENTE</referredTableLongName>
<deleteRule>NO ACTION</deleteRule>
<referredTableID>038D2F65-BB9F-7394-807F-EB0EB2B47C3D</referredTableID>
<keyObject>DFED8D67-F7C6-1497-293C-235433792C2E</keyObject>
<referredKeyID>DFED8D67-F7C6-1497-293C-235433792C2E</referredKeyID>
<mandatory>true</mandatory>
<refColNames>rut</refColNames>
<transferable>true</transferable>
<rely>false</rely>
<columnDependencyConstraintGenerateInDDL>true</columnDependencyConstraintGenerateInDDL>
</FKIndexAssociation>