<?xml version = '1.0' encoding = 'UTF-8'?>
<FKIndexAssociation class="oracle.dbtools.crest.model.design.relational.FKIndexAssociation" directorySegmentName="seg_0" id="C6CDBC8C-6948-9D71-02CF-F8C76AA3D41C" containerWithKeyObject="CEC6AFDD-3FD7-C0C1-F8CB-D911F1015084" localFKIndex="87DA6414-14B1-224E-B8C0-05B82B49171B" name="DIRECCION_COMUNA_FK">
<createdBy>fuent</createdBy>
<createdTime>2024-09-17 00:44:01 UTC</createdTime>
<generatorID>1BFEC266-6DB5-55EB-4DD4-0DD53E373E6B</generatorID>
<ownerDesignName>EXP2_S6_CESAR_FUENTES</ownerDesignName>
<referredTableLongName>COMUNA</referredTableLongName>
<deleteRule>NO ACTION</deleteRule>
<referredTableID>95C7B6B3-212C-7677-6927-7BBA43485AAC</referredTableID>
<keyObject>32AC2884-0B9F-DB38-FA5B-D6863D065050</keyObject>
<referredKeyID>32AC2884-0B9F-DB38-FA5B-D6863D065050</referredKeyID>
<mandatory>true</mandatory>
<refColNames>id_comuna</refColNames>
<transferable>true</transferable>
<rely>false</rely>
<columnDependencyConstraintGenerateInDDL>true</columnDependencyConstraintGenerateInDDL>
</FKIndexAssociation>