<?xml version = '1.0' encoding = 'UTF-8'?>
<FKIndexAssociation class="oracle.dbtools.crest.model.design.relational.FKIndexAssociation" directorySegmentName="seg_0" id="D5B67D1C-0F60-879A-E26A-7371FFB586C8" containerWithKeyObject="6F96F099-6927-9F99-2F41-3C9DDABC3B18" localFKIndex="4B272118-2C36-3A3A-B604-49948D9E257C" name="ORDEN_SERVICIO_VALIDACION_FK">
<createdBy>fuent</createdBy>
<createdTime>2024-09-17 00:44:01 UTC</createdTime>
<generatorID>E9D5A562-AE38-2DE6-E4C4-9577F436E562</generatorID>
<ownerDesignName>EXP2_S6_CESAR_FUENTES</ownerDesignName>
<referredTableLongName>VALIDACION</referredTableLongName>
<deleteRule>NO ACTION</deleteRule>
<referredTableID>CF351AE7-802A-FC6A-091E-642EA08BFCA8</referredTableID>
<keyObject>B9F63E31-57FC-F16D-9167-4A932260E7FC</keyObject>
<referredKeyID>B9F63E31-57FC-F16D-9167-4A932260E7FC</referredKeyID>
<mandatory>true</mandatory>
<refColNames>id_validacion</refColNames>
<transferable>true</transferable>
<rely>false</rely>
<columnDependencyConstraintGenerateInDDL>true</columnDependencyConstraintGenerateInDDL>
</FKIndexAssociation>