<?xml version = '1.0' encoding = 'UTF-8'?>
<FKIndexAssociation class="oracle.dbtools.crest.model.design.relational.FKIndexAssociation" directorySegmentName="seg_0" id="D68A9346-8684-FD80-8B8F-CA1D44D6DAB0" containerWithKeyObject="CEC6AFDD-3FD7-C0C1-F8CB-D911F1015084" localFKIndex="6F035B44-7142-1EF2-2002-CADA236F7701" name="DIRECCION_CLIENTE_FK">
<createdBy>fuent</createdBy>
<createdTime>2024-09-17 00:44:01 UTC</createdTime>
<generatorID>149CDCFB-5F7A-E6D9-CB44-6E3F56F897BD</generatorID>
<ownerDesignName>EXP2_S6_CESAR_FUENTES</ownerDesignName>
<referredTableLongName>CLIENTE</referredTableLongName>
<deleteRule>NO ACTION</deleteRule>
<referredTableID>038D2F65-BB9F-7394-807F-EB0EB2B47C3D</referredTableID>
<keyObject>DFED8D67-F7C6-1497-293C-235433792C2E</keyObject>
<referredKeyID>DFED8D67-F7C6-1497-293C-235433792C2E</referredKeyID>
<mandatory>true</mandatory>
<refColNames>rut</refColNames>
<transferable>true</transferable>
<rely>false</rely>
<columnDependencyConstraintGenerateInDDL>true</columnDependencyConstraintGenerateInDDL>
</FKIndexAssociation>