<?xml version = '1.0' encoding = 'UTF-8'?>
<relationalModel class="oracle.dbtools.crest.model.design.relational.RelationalDesign" name="Relational_1" id="6DD44FDB-5874-F04F-C0E3-5757EDB76A09" mainViewID="87864C11-67BF-B6CE-8021-65A63B08DCDC">
<createdBy>fuent</createdBy>
<createdTime>2024-09-16 20:15:58 UTC</createdTime>
<ownerDesignName>EXP2_S6_CESAR_FUENTES</ownerDesignName>
<shouldBeOpen>false</shouldBeOpen>
<selectedRDBMSSite>32076570-2523-435C-2E92-BF29817DFF70</selectedRDBMSSite>
</relationalModel>