<?xml version = '1.0' encoding = 'UTF-8'?>
<Entity class="oracle.dbtools.crest.model.design.logical.Entity" directorySegmentName="seg_0" id="48BCAEF9-0161-D814-7C8F-8B7FBA24F75F" name="DETALLE_ORDEN">
<createdBy>fuent</createdBy>
<createdTime>2024-09-16 20:48:05 UTC</createdTime>
<ownerDesignName>EXP2_S6_CESAR_FUENTES</ownerDesignName>
<engineerTo>
<item key="6DD44FDB-5874-F04F-C0E3-5757EDB76A09" value="true"/>
</engineerTo>
<adequatelyNormalized>NO</adequatelyNormalized>
<expectedVolumes>0</expectedVolumes>
<fwdEngineeringStrategyName>Single Table</fwdEngineeringStrategyName>
<growthPercent>0</growthPercent>
<growthType>Year</growthType>
<maxVolumes>9999999</maxVolumes>
<minVolumes>0</minVolumes>
<normalForm>Third</normalForm>
<attributes itemClass="oracle.dbtools.crest.model.design.logical.Attribute">
<Attribute name="id_detalle" id="0F03F8DB-BE67-C8D7-5183-F42B94A339F9">
<createdBy>fuent</createdBy>
<createdTime>2024-09-16 20:48:16 UTC</createdTime>
<ownerDesignName>EXP2_S6_CESAR_FUENTES</ownerDesignName>
<engineerTo>
<item key="6DD44FDB-5874-F04F-C0E3-5757EDB76A09" value="true"/>
</engineerTo>
<useDomainConstraints>false</useDomainConstraints>
<use>1</use>
<logicalDatatype>LOGDT011</logicalDatatype>
<ownDataTypeParameters>,,</ownDataTypeParameters>
</Attribute>
<Attribute name="id_orden" id="34588EDE-50B9-BA28-CF20-F98A0D6B0CC3">
<createdBy>fuent</createdBy>
<createdTime>2024-09-16 23:40:11 UTC</createdTime>
<generatorID>AC0462B9-6EA6-3BAE-0267-47B16CA06894</generatorID>
<ownerDesignName>EXP2_S6_CESAR_FUENTES</ownerDesignName>
<engineerTo>
<item key="6DD44FDB-5874-F04F-C0E3-5757EDB76A09" value="true"/>
</engineerTo>
<referedAttribute>4581D743-4698-D1BA-2C6C-76DBBD6F9083</referedAttribute>
<useDomainConstraints>false</useDomainConstraints>
<use>1</use>
<logicalDatatype>LOGDT011</logicalDatatype>
<ownDataTypeParameters>,,</ownDataTypeParameters>
</Attribute>
</attributes>
<identifiers itemClass="oracle.dbtools.crest.model.design.logical.CandidateKey">
<identifier id="EAC88839-DD46-CB64-5EC3-1353E6A83C72" name="DETALLE_ORDEN PK">
<createdBy>fuent</createdBy>
<createdTime>2024-09-16 23:40:35 UTC</createdTime>
<ownerDesignName>EXP2_S6_CESAR_FUENTES</ownerDesignName>
<engineerTo>
<item key="6DD44FDB-5874-F04F-C0E3-5757EDB76A09" value="true"/>
</engineerTo>
<pk>true</pk>
<usedAttributes>
<attributeRef>34588EDE-50B9-BA28-CF20-F98A0D6B0CC3</attributeRef>
</usedAttributes>
</identifier>
</identifiers>
</Entity>