<?xml version = '1.0' encoding = 'UTF-8'?>
<Entity class="oracle.dbtools.crest.model.design.logical.Entity" directorySegmentName="seg_0" id="911B84B6-5D9E-83AF-F4F9-FCE3E73DE493" name="ORDEN_SERVICIO">
<createdBy>fuent</createdBy>
<createdTime>2024-09-16 20:45:51 UTC</createdTime>
<ownerDesignName>EXP2_S6_CESAR_FUENTES</ownerDesignName>
<engineerTo>
<item key="6DD44FDB-5874-F04F-C0E3-5757EDB76A09" value="true"/>
</engineerTo>
<adequatelyNormalized>NO</adequatelyNormalized>
<expectedVolumes>0</expectedVolumes>
<fwdEngineeringStrategyName>Single Table</fwdEngineeringStrategyName>
<growthPercent>0</growthPercent>
<growthType>Year</growthType>
<maxVolumes>9999999</maxVolumes>
<minVolumes>0</minVolumes>
<normalForm>Third</normalForm>
<attributes itemClass="oracle.dbtools.crest.model.design.logical.Attribute">
<Attribute name="id_orden" id="4581D743-4698-D1BA-2C6C-76DBBD6F9083">
<createdBy>fuent</createdBy>
<createdTime>2024-09-16 20:46:05 UTC</createdTime>
<ownerDesignName>EXP2_S6_CESAR_FUENTES</ownerDesignName>
<engineerTo>
<item key="6DD44FDB-5874-F04F-C0E3-5757EDB76A09" value="true"/>
</engineerTo>
<useDomainConstraints>false</useDomainConstraints>
<use>1</use>
<logicalDatatype>LOGDT011</logicalDatatype>
<ownDataTypeParameters>,,</ownDataTypeParameters>
</Attribute>
<Attribute name="f_creacion" id="6903E885-9EDA-4ED5-89BC-F5FCD6FA8B3B">
<createdBy>fuent</createdBy>
<createdTime>2024-09-16 20:46:49 UTC</createdTime>
<ownerDesignName>EXP2_S6_CESAR_FUENTES</ownerDesignName>
<engineerTo>
<item key="6DD44FDB-5874-F04F-C0E3-5757EDB76A09" value="true"/>
</engineerTo>
<useDomainConstraints>false</useDomainConstraints>
<use>1</use>
<logicalDatatype>LOGDT007</logicalDatatype>
<ownDataTypeParameters>,,</ownDataTypeParameters>
</Attribute>
<Attribute name="rut" id="1B86AF93-960B-A7FD-B580-787CF40CC9C0">
<createdBy>fuent</createdBy>
<createdTime>2024-09-16 23:19:10 UTC</createdTime>
<generatorID>6BB33D2F-5E91-FCD4-69A0-7155A22E7384</generatorID>
<ownerDesignName>EXP2_S6_CESAR_FUENTES</ownerDesignName>
<engineerTo>
<item key="6DD44FDB-5874-F04F-C0E3-5757EDB76A09" value="true"/>
</engineerTo>
<nullsAllowed>true</nullsAllowed>
<referedAttribute>6646C072-C03C-E1B1-1552-08A57D75BA8B</referedAttribute>
<useDomainConstraints>false</useDomainConstraints>
<use>1</use>
<logicalDatatype>LOGDT024</logicalDatatype>
<dataTypeSize>12 BYTE</dataTypeSize>
<ownDataTypeParameters>,,</ownDataTypeParameters>
</Attribute>
<Attribute name="patente" id="8DCF127C-34BC-D979-391D-657799AA66E8">
<createdBy>fuent</createdBy>
<createdTime>2024-09-16 23:21:15 UTC</createdTime>
<generatorID>8D27F468-7963-E667-E8EA-DEE8E64F2E4B</generatorID>
<ownerDesignName>EXP2_S6_CESAR_FUENTES</ownerDesignName>
<engineerTo>
<item key="6DD44FDB-5874-F04F-C0E3-5757EDB76A09" value="true"/>
</engineerTo>
<nullsAllowed>true</nullsAllowed>
<referedAttribute>6C2B2935-6A70-0751-F0BD-4ADDF753DAA9</referedAttribute>
<useDomainConstraints>false</useDomainConstraints>
<use>1</use>
<logicalDatatype>LOGDT011</logicalDatatype>
<ownDataTypeParameters>,,</ownDataTypeParameters>
</Attribute>
<Attribute name="rut1" id="1EF928AD-71A5-8140-B9A4-CE5498E1CD26">
<createdBy>fuent</createdBy>
<createdTime>2024-09-16 23:21:15 UTC</createdTime>
<generatorID>8D27F468-7963-E667-E8EA-DEE8E64F2E4B</generatorID>
<ownerDesignName>EXP2_S6_CESAR_FUENTES</ownerDesignName>
<engineerTo>
<item key="6DD44FDB-5874-F04F-C0E3-5757EDB76A09" value="true"/>
</engineerTo>
<nullsAllowed>true</nullsAllowed>
<referedAttribute>DB0076A7-2DF8-E550-96E9-BE15874F1BCD</referedAttribute>
<useDomainConstraints>false</useDomainConstraints>
<use>1</use>
<logicalDatatype>LOGDT024</logicalDatatype>
<dataTypeSize>12 BYTE</dataTypeSize>
<ownDataTypeParameters>,,</ownDataTypeParameters>
</Attribute>
<Attribute name="id_validacion" id="E79233F2-D512-ACB9-7372-5AD45C4CB2A9">
<createdBy>fuent</createdBy>
<createdTime>2024-09-17 00:17:45 UTC</createdTime>
<generatorID>E9D5A562-AE38-2DE6-E4C4-9577F436E562</generatorID>
<ownerDesignName>EXP2_S6_CESAR_FUENTES</ownerDesignName>
<engineerTo>
<item key="6DD44FDB-5874-F04F-C0E3-5757EDB76A09" value="true"/>
</engineerTo>
<referedAttribute>217436C3-704F-410A-437F-B9E77776A156</referedAttribute>
<useDomainConstraints>false</useDomainConstraints>
<use>1</use>
<logicalDatatype>LOGDT011</logicalDatatype>
<ownDataTypeParameters>,,</ownDataTypeParameters>
</Attribute>
<Attribute name="id_seguimiento" id="5AFFB559-F254-DCF0-B403-BB480074D30D">
<createdBy>fuent</createdBy>
<createdTime>2024-09-17 00:18:29 UTC</createdTime>
<generatorID>12FAAC96-7930-585E-3B1E-82D77C97268B</generatorID>
<ownerDesignName>EXP2_S6_CESAR_FUENTES</ownerDesignName>
<engineerTo>
<item key="6DD44FDB-5874-F04F-C0E3-5757EDB76A09" value="true"/>
</engineerTo>
<referedAttribute>4AB3230D-8DB9-11F2-0DA3-0E22E685D5DA</referedAttribute>
<useDomainConstraints>false</useDomainConstraints>
<use>1</use>
<logicalDatatype>LOGDT011</logicalDatatype>
<ownDataTypeParameters>,,</ownDataTypeParameters>
</Attribute>
</attributes>
<identifiers itemClass="oracle.dbtools.crest.model.design.logical.CandidateKey">
<identifier id="C503183B-1B09-029D-13DC-46BFF6555104" name="ORDEN_SERVICIO PK">
<createdBy>fuent</createdBy>
<createdTime>2024-09-16 20:46:16 UTC</createdTime>
<ownerDesignName>EXP2_S6_CESAR_FUENTES</ownerDesignName>
<engineerTo>
<item key="6DD44FDB-5874-F04F-C0E3-5757EDB76A09" value="true"/>
</engineerTo>
<pk>true</pk>
<usedAttributes>
<attributeRef>4581D743-4698-D1BA-2C6C-76DBBD6F9083</attributeRef>
</usedAttributes>
</identifier>
</identifiers>
</Entity>