<?xml version = '1.0' encoding = 'UTF-8'?>
<Entity class="oracle.dbtools.crest.model.design.logical.Entity" directorySegmentName="seg_0" id="DC73B22D-353B-8890-666F-E050A5AD5B51" name="VEHICULO">
<createdBy>fuent</createdBy>
<createdTime>2024-09-16 20:33:38 UTC</createdTime>
<ownerDesignName>EXP2_S6_CESAR_FUENTES</ownerDesignName>
<engineerTo>
<item key="6DD44FDB-5874-F04F-C0E3-5757EDB76A09" value="true"/>
</engineerTo>
<adequatelyNormalized>NO</adequatelyNormalized>
<expectedVolumes>0</expectedVolumes>
<fwdEngineeringStrategyName>Single Table</fwdEngineeringStrategyName>
<growthPercent>0</growthPercent>
<growthType>Year</growthType>
<maxVolumes>9999999</maxVolumes>
<minVolumes>0</minVolumes>
<normalForm>Third</normalForm>
<attributes itemClass="oracle.dbtools.crest.model.design.logical.Attribute">
<Attribute name="patente" id="6C2B2935-6A70-0751-F0BD-4ADDF753DAA9">
<createdBy>fuent</createdBy>
<createdTime>2024-09-16 20:33:54 UTC</createdTime>
<ownerDesignName>EXP2_S6_CESAR_FUENTES</ownerDesignName>
<engineerTo>
<item key="6DD44FDB-5874-F04F-C0E3-5757EDB76A09" value="true"/>
</engineerTo>
<useDomainConstraints>false</useDomainConstraints>
<use>1</use>
<logicalDatatype>LOGDT011</logicalDatatype>
<ownDataTypeParameters>,,</ownDataTypeParameters>
</Attribute>
<Attribute name="ano" id="E80ACBF6-D798-6F36-998C-0ADB8556A1CC">
<createdBy>fuent</createdBy>
<createdTime>2024-09-16 20:34:37 UTC</createdTime>
<ownerDesignName>EXP2_S6_CESAR_FUENTES</ownerDesignName>
<engineerTo>
<item key="6DD44FDB-5874-F04F-C0E3-5757EDB76A09" value="true"/>
</engineerTo>
<useDomainConstraints>false</useDomainConstraints>
<use>1</use>
<logicalDatatype>LOGDT007</logicalDatatype>
<ownDataTypeParameters>,,</ownDataTypeParameters>
</Attribute>
<Attribute name="color" id="8CB57567-E2F0-F824-4B7E-1092323824F9">
<createdBy>fuent</createdBy>
<createdTime>2024-09-16 20:35:50 UTC</createdTime>
<ownerDesignName>EXP2_S6_CESAR_FUENTES</ownerDesignName>
<engineerTo>
<item key="6DD44FDB-5874-F04F-C0E3-5757EDB76A09" value="true"/>
</engineerTo>
<nullsAllowed>true</nullsAllowed>
<useDomainConstraints>false</useDomainConstraints>
<use>1</use>
<logicalDatatype>LOGDT024</logicalDatatype>
<dataTypeSize>10 BYTE</dataTypeSize>
<ownDataTypeParameters>10 BYTE,,</ownDataTypeParameters>
</Attribute>
<Attribute name="rut" id="DB0076A7-2DF8-E550-96E9-BE15874F1BCD">
<createdBy>fuent</createdBy>
<createdTime>2024-09-16 23:18:26 UTC</createdTime>
<generatorID>FAE3FB3E-F3B4-71BC-AD32-D51F0B50CE5F</generatorID>
<ownerDesignName>EXP2_S6_CESAR_FUENTES</ownerDesignName>
<engineerTo>
<item key="6DD44FDB-5874-F04F-C0E3-5757EDB76A09" value="true"/>
</engineerTo>
<referedAttribute>6646C072-C03C-E1B1-1552-08A57D75BA8B</referedAttribute>
<useDomainConstraints>false</useDomainConstraints>
<use>1</use>
<logicalDatatype>LOGDT024</logicalDatatype>
<dataTypeSize>12 BYTE</dataTypeSize>
<ownDataTypeParameters>,,</ownDataTypeParameters>
</Attribute>
<Attribute name="id_marca" id="BCD9683A-A3DA-1553-68BC-2D8DD590CAB7">
<createdBy>fuent</createdBy>
<createdTime>2024-09-17 00:10:29 UTC</createdTime>
<generatorID>9F6C8EBD-BA7F-5B18-5982-E49C7B1A90B8</generatorID>
<ownerDesignName>EXP2_S6_CESAR_FUENTES</ownerDesignName>
<engineerTo>
<item key="6DD44FDB-5874-F04F-C0E3-5757EDB76A09" value="true"/>
</engineerTo>
<referedAttribute>01E29D08-29A5-3CB6-4E39-3A46F7FEC017</referedAttribute>
<useDomainConstraints>false</useDomainConstraints>
<use>1</use>
<logicalDatatype>LOGDT011</logicalDatatype>
<ownDataTypeParameters>,,</ownDataTypeParameters>
</Attribute>
</attributes>
<identifiers itemClass="oracle.dbtools.crest.model.design.logical.CandidateKey">
<identifier id="EC8998D0-C6F5-0B81-4C4D-78807E30978C" name="VEHICULO PK">
<createdBy>fuent</createdBy>
<createdTime>2024-09-16 20:34:25 UTC</createdTime>
<ownerDesignName>EXP2_S6_CESAR_FUENTES</ownerDesignName>
<engineerTo>
<item key="6DD44FDB-5874-F04F-C0E3-5757EDB76A09" value="true"/>
</engineerTo>
<pk>true</pk>
<usedAttributes>
<attributeRef>6C2B2935-6A70-0751-F0BD-4ADDF753DAA9</attributeRef>
<attributeRef>DB0076A7-2DF8-E550-96E9-BE15874F1BCD</attributeRef>
</usedAttributes>
</identifier>
</identifiers>
</Entity>