<?xml version = '1.0' encoding = 'UTF-8'?>
<Entity class="oracle.dbtools.crest.model.design.logical.Entity" directorySegmentName="seg_0" id="EBC487FE-9A3B-B70C-E2BC-2D9CB6D60159" name="DIRECCION">
<createdBy>fuent</createdBy>
<createdTime>2024-09-16 20:27:31 UTC</createdTime>
<ownerDesignName>EXP2_S6_CESAR_FUENTES</ownerDesignName>
<engineerTo>
<item key="6DD44FDB-5874-F04F-C0E3-5757EDB76A09" value="true"/>
</engineerTo>
<adequatelyNormalized>NO</adequatelyNormalized>
<expectedVolumes>0</expectedVolumes>
<fwdEngineeringStrategyName>Single Table</fwdEngineeringStrategyName>
<growthPercent>0</growthPercent>
<growthType>Year</growthType>
<maxVolumes>9999999</maxVolumes>
<minVolumes>0</minVolumes>
<normalForm>Third</normalForm>
<attributes itemClass="oracle.dbtools.crest.model.design.logical.Attribute">
<Attribute name="id_direccion" id="4F87128B-FC96-B7DC-1724-7DF350116AA5">
<createdBy>fuent</createdBy>
<createdTime>2024-09-16 20:27:43 UTC</createdTime>
<ownerDesignName>EXP2_S6_CESAR_FUENTES</ownerDesignName>
<engineerTo>
<item key="6DD44FDB-5874-F04F-C0E3-5757EDB76A09" value="true"/>
</engineerTo>
<useDomainConstraints>false</useDomainConstraints>
<use>1</use>
<logicalDatatype>LOGDT011</logicalDatatype>
<ownDataTypeParameters>,,</ownDataTypeParameters>
</Attribute>
<Attribute name="n_direccion" id="2FC57246-A473-6DBA-1F89-1DFAA6A1A31E">
<createdBy>fuent</createdBy>
<createdTime>2024-09-16 20:28:32 UTC</createdTime>
<ownerDesignName>EXP2_S6_CESAR_FUENTES</ownerDesignName>
<engineerTo>
<item key="6DD44FDB-5874-F04F-C0E3-5757EDB76A09" value="true"/>
</engineerTo>
<useDomainConstraints>false</useDomainConstraints>
<use>1</use>
<logicalDatatype>LOGDT024</logicalDatatype>
<dataTypeSize>15 BYTE</dataTypeSize>
<ownDataTypeParameters>15 BYTE,,</ownDataTypeParameters>
</Attribute>
<Attribute name="rut" id="C008751A-39CC-3EC2-AFB0-00EC29A5BFB0">
<createdBy>fuent</createdBy>
<createdTime>2024-09-17 00:03:22 UTC</createdTime>
<generatorID>149CDCFB-5F7A-E6D9-CB44-6E3F56F897BD</generatorID>
<ownerDesignName>EXP2_S6_CESAR_FUENTES</ownerDesignName>
<engineerTo>
<item key="6DD44FDB-5874-F04F-C0E3-5757EDB76A09" value="true"/>
</engineerTo>
<referedAttribute>6646C072-C03C-E1B1-1552-08A57D75BA8B</referedAttribute>
<useDomainConstraints>false</useDomainConstraints>
<use>1</use>
<logicalDatatype>LOGDT024</logicalDatatype>
<dataTypeSize>12 BYTE</dataTypeSize>
<ownDataTypeParameters>,,</ownDataTypeParameters>
</Attribute>
<Attribute name="id_comuna" id="E11F6357-505D-9C26-FB23-0A96849AABEE">
<createdBy>fuent</createdBy>
<createdTime>2024-09-17 00:16:11 UTC</createdTime>
<generatorID>1BFEC266-6DB5-55EB-4DD4-0DD53E373E6B</generatorID>
<ownerDesignName>EXP2_S6_CESAR_FUENTES</ownerDesignName>
<engineerTo>
<item key="6DD44FDB-5874-F04F-C0E3-5757EDB76A09" value="true"/>
</engineerTo>
<referedAttribute>E48CB60C-725E-408A-D0C0-063720C5C4E6</referedAttribute>
<useDomainConstraints>false</useDomainConstraints>
<use>1</use>
<logicalDatatype>LOGDT011</logicalDatatype>
<ownDataTypeParameters>,,</ownDataTypeParameters>
</Attribute>
</attributes>
<identifiers itemClass="oracle.dbtools.crest.model.design.logical.CandidateKey">
<identifier id="9A2C190A-6FF4-A0E8-A87A-29B224C3262B" name="DIRECCION PK">
<createdBy>fuent</createdBy>
<createdTime>2024-09-16 20:28:13 UTC</createdTime>
<ownerDesignName>EXP2_S6_CESAR_FUENTES</ownerDesignName>
<engineerTo>
<item key="6DD44FDB-5874-F04F-C0E3-5757EDB76A09" value="true"/>
</engineerTo>
<pk>true</pk>
<usedAttributes>
<attributeRef>4F87128B-FC96-B7DC-1724-7DF350116AA5</attributeRef>
</usedAttributes>
</identifier>
</identifiers>
</Entity>