<?xml version = '1.0' encoding = 'UTF-8'?>
<Entity class="oracle.dbtools.crest.model.design.logical.Entity" directorySegmentName="seg_0" id="F93E0967-CE7D-94CD-04CB-7EF38FC5022D" name="SEGUIMIENTO">
<createdBy>fuent</createdBy>
<createdTime>2024-09-16 23:06:33 UTC</createdTime>
<ownerDesignName>EXP2_S6_CESAR_FUENTES</ownerDesignName>
<engineerTo>
<item key="6DD44FDB-5874-F04F-C0E3-5757EDB76A09" value="true"/>
</engineerTo>
<adequatelyNormalized>NO</adequatelyNormalized>
<expectedVolumes>0</expectedVolumes>
<fwdEngineeringStrategyName>Single Table</fwdEngineeringStrategyName>
<growthPercent>0</growthPercent>
<growthType>Year</growthType>
<maxVolumes>9999999</maxVolumes>
<minVolumes>0</minVolumes>
<normalForm>Third</normalForm>
<attributes itemClass="oracle.dbtools.crest.model.design.logical.Attribute">
<Attribute name="id_seguimiento" id="4AB3230D-8DB9-11F2-0DA3-0E22E685D5DA">
<createdBy>fuent</createdBy>
<createdTime>2024-09-16 23:06:48 UTC</createdTime>
<ownerDesignName>EXP2_S6_CESAR_FUENTES</ownerDesignName>
<engineerTo>
<item key="6DD44FDB-5874-F04F-C0E3-5757EDB76A09" value="true"/>
</engineerTo>
<useDomainConstraints>false</useDomainConstraints>
<use>1</use>
<logicalDatatype>LOGDT011</logicalDatatype>
<ownDataTypeParameters>,,</ownDataTypeParameters>
</Attribute>
<Attribute name="id_orden" id="1DBC5539-6EBD-7E7C-5EE4-118744DD16B3">
<createdBy>fuent</createdBy>
<createdTime>2024-09-17 00:18:02 UTC</createdTime>
<generatorID>12FAAC96-7930-585E-3B1E-82D77C97268B</generatorID>
<ownerDesignName>EXP2_S6_CESAR_FUENTES</ownerDesignName>
<engineerTo>
<item key="6DD44FDB-5874-F04F-C0E3-5757EDB76A09" value="true"/>
</engineerTo>
<referedAttribute>4581D743-4698-D1BA-2C6C-76DBBD6F9083</referedAttribute>
<useDomainConstraints>false</useDomainConstraints>
<use>1</use>
<logicalDatatype>LOGDT011</logicalDatatype>
<ownDataTypeParameters>,,</ownDataTypeParameters>
</Attribute>
</attributes>
<identifiers itemClass="oracle.dbtools.crest.model.design.logical.CandidateKey">
<identifier id="F6E30944-F821-B96D-417D-3D04A94F5F95" name="SEGUIMIENTO PK">
<createdBy>fuent</createdBy>
<createdTime>2024-09-16 23:07:04 UTC</createdTime>
<ownerDesignName>EXP2_S6_CESAR_FUENTES</ownerDesignName>
<engineerTo>
<item key="6DD44FDB-5874-F04F-C0E3-5757EDB76A09" value="true"/>
</engineerTo>
<pk>true</pk>
<usedAttributes>
<attributeRef>4AB3230D-8DB9-11F2-0DA3-0E22E685D5DA</attributeRef>
</usedAttributes>
</identifier>
</identifiers>
</Entity>