<?xml version = '1.0' encoding = 'UTF-8'?>
<Entity class="oracle.dbtools.crest.model.design.logical.Entity" directorySegmentName="seg_0" id="FB29F8C4-5965-6741-C0CC-F741ED4A045F" name="ESTADO_SEGUIMIENTO">
<createdBy>fuent</createdBy>
<createdTime>2024-09-16 23:09:06 UTC</createdTime>
<ownerDesignName>EXP2_S6_CESAR_FUENTES</ownerDesignName>
<engineerTo>
<item key="6DD44FDB-5874-F04F-C0E3-5757EDB76A09" value="true"/>
</engineerTo>
<adequatelyNormalized>NO</adequatelyNormalized>
<expectedVolumes>0</expectedVolumes>
<fwdEngineeringStrategyName>Single Table</fwdEngineeringStrategyName>
<growthPercent>0</growthPercent>
<growthType>Year</growthType>
<maxVolumes>9999999</maxVolumes>
<minVolumes>0</minVolumes>
<normalForm>Third</normalForm>
<attributes itemClass="oracle.dbtools.crest.model.design.logical.Attribute">
<Attribute name="id_e_seguimiento" id="DC5F674E-9649-8519-CE31-66EEB68821CA">
<createdBy>fuent</createdBy>
<createdTime>2024-09-16 23:09:18 UTC</createdTime>
<ownerDesignName>EXP2_S6_CESAR_FUENTES</ownerDesignName>
<engineerTo>
<item key="6DD44FDB-5874-F04F-C0E3-5757EDB76A09" value="true"/>
</engineerTo>
<useDomainConstraints>false</useDomainConstraints>
<use>1</use>
<logicalDatatype>LOGDT011</logicalDatatype>
<ownDataTypeParameters>,,</ownDataTypeParameters>
</Attribute>
<Attribute name="descripcion_estado" id="14F465DA-D30C-FDB7-0D09-BDE39C329272">
<createdBy>fuent</createdBy>
<createdTime>2024-09-16 23:09:48 UTC</createdTime>
<ownerDesignName>EXP2_S6_CESAR_FUENTES</ownerDesignName>
<engineerTo>
<item key="6DD44FDB-5874-F04F-C0E3-5757EDB76A09" value="true"/>
</engineerTo>
<useDomainConstraints>false</useDomainConstraints>
<use>1</use>
<logicalDatatype>LOGDT024</logicalDatatype>
<dataTypeSize>12 BYTE</dataTypeSize>
<ownDataTypeParameters>12 BYTE,,</ownDataTypeParameters>
</Attribute>
<Attribute name="id_seguimiento" id="0628DC6F-DDB6-88B9-C8DC-D4E644DB58E1">
<createdBy>fuent</createdBy>
<createdTime>2024-09-16 23:35:53 UTC</createdTime>
<generatorID>FEDE0383-ACBB-DDE3-B57C-35A509ADC45C</generatorID>
<ownerDesignName>EXP2_S6_CESAR_FUENTES</ownerDesignName>
<engineerTo>
<item key="6DD44FDB-5874-F04F-C0E3-5757EDB76A09" value="true"/>
</engineerTo>
<referedAttribute>4AB3230D-8DB9-11F2-0DA3-0E22E685D5DA</referedAttribute>
<useDomainConstraints>false</useDomainConstraints>
<use>1</use>
<logicalDatatype>LOGDT011</logicalDatatype>
<ownDataTypeParameters>,,</ownDataTypeParameters>
</Attribute>
</attributes>
<identifiers itemClass="oracle.dbtools.crest.model.design.logical.CandidateKey">
<identifier id="0073F5E1-D61C-1BF6-871F-7CEC331F7CCE" name="ESTADO_SEGUIMIENTO PK">
<createdBy>fuent</createdBy>
<createdTime>2024-09-16 23:09:45 UTC</createdTime>
<ownerDesignName>EXP2_S6_CESAR_FUENTES</ownerDesignName>
<engineerTo>
<item key="6DD44FDB-5874-F04F-C0E3-5757EDB76A09" value="true"/>
</engineerTo>
<pk>true</pk>
<usedAttributes>
<attributeRef>DC5F674E-9649-8519-CE31-66EEB68821CA</attributeRef>
<attributeRef>14F465DA-D30C-FDB7-0D09-BDE39C329272</attributeRef>
<attributeRef>0628DC6F-DDB6-88B9-C8DC-D4E644DB58E1</attributeRef>
</usedAttributes>
</identifier>
</identifiers>
</Entity>