<?xml version = '1.0' encoding = 'UTF-8'?>
<Diagram class="oracle.dbtools.crest.swingui.relational.DPVRelational" name="Relational_1" id="87864C11-67BF-B6CE-8021-65A63B08DCDC">
<createdBy>fuent</createdBy>
<modifiedBy>fuent</modifiedBy>
<createdTime>2024-09-17 00:44:00 UTC</createdTime>
<autoRoute>false</autoRoute>
<boxInbox>true</boxInbox>
<showLegend>false</showLegend>
<showLabels>false</showLabels>
<showRelAttributes>false</showRelAttributes>
<gridEnabled>false</gridEnabled>
<showGrid>false</showGrid>
<diagramColor>-1</diagramColor>
<display>false</display>
<notation>1</notation>
<objectViews>
<OView class="oracle.dbtools.crest.swingui.relational.TVTable" oid="038D2F65-BB9F-7394-807F-EB0EB2B47C3D" otype="Table" vid="6DD84BDE-6BB1-D02F-B840-37D81554F1AE">
<hideElementsInCurrentOnly>false</hideElementsInCurrentOnly>
<bounds x="212" y="221" width="124" height="157"/>
</OView>
<OView class="oracle.dbtools.crest.swingui.relational.TVTable" oid="0B3E117D-DAB7-180D-3419-C9AE247ADF9E" otype="Table" vid="1F48EA04-F8F0-9FC1-D4D3-1829BC827470">
<hideElementsInCurrentOnly>false</hideElementsInCurrentOnly>
<bounds x="655" y="348" width="187" height="125"/>
</OView>
<OView class="oracle.dbtools.crest.swingui.relational.TVTable" oid="11DEA341-AA93-A9D7-3BBD-DBE688D5B77F" otype="Table" vid="AF543076-22F9-9907-6176-6BAF761EA375">
<hideElementsInCurrentOnly>false</hideElementsInCurrentOnly>
<bounds x="35" y="0" width="176" height="163"/>
</OView>
<OView class="oracle.dbtools.crest.swingui.relational.TVTable" oid="3807AA7D-19FC-8744-F863-A11893C02353" otype="Table" vid="1B1428CF-2B1F-6D92-BEFE-C87ED9E1E982">
<hideElementsInCurrentOnly>false</hideElementsInCurrentOnly>
<bounds x="697" y="27" width="134" height="97"/>
</OView>
<OView class="oracle.dbtools.crest.swingui.relational.TVTable" oid="4C4ABE15-3743-540B-4497-CD3189EF434C" otype="Table" vid="9BF27C9A-3BEA-99F2-E0D5-B3A530000E44">
<hideElementsInCurrentOnly>false</hideElementsInCurrentOnly>
<bounds x="863" y="196" width="163" height="136"/>
</OView>
<OView class="oracle.dbtools.crest.swingui.relational.TVTable" oid="5F9866F3-B142-4005-7685-34255BB711AD" otype="Table" vid="585E24B2-65ED-C396-26AB-BA49C23099E5">
<hideElementsInCurrentOnly>false</hideElementsInCurrentOnly>
<bounds x="404" y="353" width="154" height="119"/>
</OView>
<OView class="oracle.dbtools.crest.swingui.relational.TVTable" oid="6F96F099-6927-9F99-2F41-3C9DDABC3B18" otype="Table" vid="40F1F350-177F-DEC8-A000-9660C75ABCE4">
<hideElementsInCurrentOnly>false</hideElementsInCurrentOnly>
<bounds x="493" y="87" width="158" height="241"/>
</OView>
<OView class="oracle.dbtools.crest.swingui.relational.TVTable" oid="8FD32F09-B672-4839-FA82-222837A6B3F8" otype="Table" vid="F6F19B31-C758-B36F-E63D-D96251E6628C">
<hideElementsInCurrentOnly>false</hideElementsInCurrentOnly>
<bounds x="314" y="1" width="142" height="178"/>
</OView>
<OView class="oracle.dbtools.crest.swingui.relational.TVTable" oid="95C7B6B3-212C-7677-6927-7BBA43485AAC" otype="Table" vid="12BF0D2F-0051-20AA-D861-D285D26CDF2E">
<hideElementsInCurrentOnly>false</hideElementsInCurrentOnly>
<bounds x="54" y="378" width="139" height="93"/>
</OView>
<OView class="oracle.dbtools.crest.swingui.relational.TVTable" oid="CEC6AFDD-3FD7-C0C1-F8CB-D911F1015084" otype="Table" vid="B978E4C1-E463-451A-EEE0-FCF514000281">
<hideElementsInCurrentOnly>false</hideElementsInCurrentOnly>
<bounds x="14" y="183" width="140" height="153"/>
</OView>
<OView class="oracle.dbtools.crest.swingui.relational.TVTable" oid="CF351AE7-802A-FC6A-091E-642EA08BFCA8" otype="Table" vid="68556BF3-5554-8008-81B3-E8FAA1D03F0D">
<hideElementsInCurrentOnly>false</hideElementsInCurrentOnly>
<bounds x="698" y="209" width="118" height="77"/>
</OView>
<OView class="oracle.dbtools.crest.swingui.relational.TVTable" oid="EE5740C5-19FF-0155-1D1F-4EF454920463" otype="Table" vid="3541E68C-C8F2-3E78-557A-C098990CAF68">
<hideElementsInCurrentOnly>false</hideElementsInCurrentOnly>
<bounds x="876" y="6" width="135" height="132"/>
</OView>
</objectViews>
<connectors>
<Connector class="oracle.dbtools.crest.swingui.relational.TVFKRelation" oid="17BB780F-B386-1558-9C57-5D0A593C9E22" otype="FKIndexAssociation" vid_source="1B1428CF-2B1F-6D92-BEFE-C87ED9E1E982" vid_target="9BF27C9A-3BEA-99F2-E0D5-B3A530000E44">
<hideElementsInCurrentOnly>false</hideElementsInCurrentOnly>
<backgroundColor>-16777216</backgroundColor>
<lineWidth>1</lineWidth>
<points>
<point x="810" y="124"/>
<point x="879" y="196"/>
</points>
</Connector>
<Connector class="oracle.dbtools.crest.swingui.relational.TVFKRelation" oid="5E060FAE-57A7-3D1C-7AB5-AA1120BB2D38" otype="FKIndexAssociation" vid_source="40F1F350-177F-DEC8-A000-9660C75ABCE4" vid_target="585E24B2-65ED-C396-26AB-BA49C23099E5">
<hideElementsInCurrentOnly>false</hideElementsInCurrentOnly>
<backgroundColor>-16777216</backgroundColor>
<lineWidth>1</lineWidth>
<points>
<point x="525" y="328"/>
<point x="525" y="353"/>
</points>
</Connector>
<Connector class="oracle.dbtools.crest.swingui.relational.TVFKRelation" oid="6CF05371-056D-3708-162E-A50C7C63C675" otype="FKIndexAssociation" vid_source="F6F19B31-C758-B36F-E63D-D96251E6628C" vid_target="40F1F350-177F-DEC8-A000-9660C75ABCE4">
<hideElementsInCurrentOnly>false</hideElementsInCurrentOnly>
<backgroundColor>-16777216</backgroundColor>
<lineWidth>1</lineWidth>
<points>
<point x="456" y="133"/>
<point x="493" y="133"/>
</points>
</Connector>
<Connector class="oracle.dbtools.crest.swingui.relational.TVFKRelation" oid="727DAF71-0A4E-AD18-E514-F5EC6CD32D85" otype="FKIndexAssociation" vid_source="F6F19B31-C758-B36F-E63D-D96251E6628C" vid_target="AF543076-22F9-9907-6176-6BAF761EA375">
<hideElementsInCurrentOnly>false</hideElementsInCurrentOnly>
<backgroundColor>-16777216</backgroundColor>
<lineWidth>1</lineWidth>
<points>
<point x="314" y="97"/>
<point x="211" y="97"/>
</points>
</Connector>
<Connector class="oracle.dbtools.crest.swingui.relational.TVFKRelation" oid="749B9CF1-8229-8AC7-2C09-5D811FFCA529" otype="FKIndexAssociation" vid_source="1B1428CF-2B1F-6D92-BEFE-C87ED9E1E982" vid_target="3541E68C-C8F2-3E78-557A-C098990CAF68">
<hideElementsInCurrentOnly>false</hideElementsInCurrentOnly>
<backgroundColor>-16777216</backgroundColor>
<lineWidth>1</lineWidth>
<points>
<point x="831" y="75"/>
<point x="876" y="75"/>
</points>
</Connector>
<Connector class="oracle.dbtools.crest.swingui.relational.TVFKRelation" oid="79A4C747-C417-850F-4D72-74E4BED283DC" otype="FKIndexAssociation" vid_source="AF543076-22F9-9907-6176-6BAF761EA375" vid_target="F6F19B31-C758-B36F-E63D-D96251E6628C">
<hideElementsInCurrentOnly>false</hideElementsInCurrentOnly>
<backgroundColor>-16777216</backgroundColor>
<lineWidth>1</lineWidth>
<points>
<point x="211" y="82"/>
<point x="314" y="82"/>
</points>
</Connector>
<Connector class="oracle.dbtools.crest.swingui.relational.TVFKRelation" oid="847199A3-BB20-C32C-24A1-D06264EF6270" otype="FKIndexAssociation" vid_source="6DD84BDE-6BB1-D02F-B840-37D81554F1AE" vid_target="40F1F350-177F-DEC8-A000-9660C75ABCE4">
<hideElementsInCurrentOnly>false</hideElementsInCurrentOnly>
<backgroundColor>-16777216</backgroundColor>
<lineWidth>1</lineWidth>
<points>
<point x="336" y="274"/>
<point x="493" y="274"/>
</points>
</Connector>
<Connector class="oracle.dbtools.crest.swingui.relational.TVFKRelation" oid="88026479-D03F-5675-9FCB-B46EE4E5F6E3" otype="FKIndexAssociation" vid_source="585E24B2-65ED-C396-26AB-BA49C23099E5" vid_target="40F1F350-177F-DEC8-A000-9660C75ABCE4">
<hideElementsInCurrentOnly>false</hideElementsInCurrentOnly>
<backgroundColor>-16777216</backgroundColor>
<lineWidth>1</lineWidth>
<points>
<point x="540" y="353"/>
<point x="540" y="328"/>
</points>
</Connector>
<Connector class="oracle.dbtools.crest.swingui.relational.TVFKRelation" oid="B502E627-2E38-837D-FCFF-61C3CA954496" otype="FKIndexAssociation" vid_source="585E24B2-65ED-C396-26AB-BA49C23099E5" vid_target="1F48EA04-F8F0-9FC1-D4D3-1829BC827470">
<hideElementsInCurrentOnly>false</hideElementsInCurrentOnly>
<backgroundColor>-16777216</backgroundColor>
<lineWidth>1</lineWidth>
<points>
<point x="558" y="412"/>
<point x="655" y="412"/>
</points>
</Connector>
<Connector class="oracle.dbtools.crest.swingui.relational.TVFKRelation" oid="BB4C09B0-CE1C-738C-531A-AAB99055A19B" otype="FKIndexAssociation" vid_source="40F1F350-177F-DEC8-A000-9660C75ABCE4" vid_target="1B1428CF-2B1F-6D92-BEFE-C87ED9E1E982">
<hideElementsInCurrentOnly>false</hideElementsInCurrentOnly>
<backgroundColor>-16777216</backgroundColor>
<lineWidth>1</lineWidth>
<points>
<point x="651" y="105"/>
<point x="697" y="105"/>
</points>
</Connector>
<Connector class="oracle.dbtools.crest.swingui.relational.TVFKRelation" oid="BBFB7144-A824-C034-D510-E1107C743237" otype="FKIndexAssociation" vid_source="6DD84BDE-6BB1-D02F-B840-37D81554F1AE" vid_target="F6F19B31-C758-B36F-E63D-D96251E6628C">
<hideElementsInCurrentOnly>false</hideElementsInCurrentOnly>
<backgroundColor>-16777216</backgroundColor>
<lineWidth>1</lineWidth>
<points>
<point x="325" y="221"/>
<point x="325" y="179"/>
</points>
</Connector>
<Connector class="oracle.dbtools.crest.swingui.relational.TVFKRelation" oid="C6CDBC8C-6948-9D71-02CF-F8C76AA3D41C" otype="FKIndexAssociation" vid_source="12BF0D2F-0051-20AA-D861-D285D26CDF2E" vid_target="B978E4C1-E463-451A-EEE0-FCF514000281">
<hideElementsInCurrentOnly>false</hideElementsInCurrentOnly>
<backgroundColor>-16777216</backgroundColor>
<lineWidth>1</lineWidth>
<points>
<point x="104" y="378"/>
<point x="104" y="336"/>
</points>
</Connector>
<Connector class="oracle.dbtools.crest.swingui.relational.TVFKRelation" oid="D5B67D1C-0F60-879A-E26A-7371FFB586C8" otype="FKIndexAssociation" vid_source="68556BF3-5554-8008-81B3-E8FAA1D03F0D" vid_target="40F1F350-177F-DEC8-A000-9660C75ABCE4">
<hideElementsInCurrentOnly>false</hideElementsInCurrentOnly>
<backgroundColor>-16777216</backgroundColor>
<lineWidth>1</lineWidth>
<points>
<point x="698" y="247"/>
<point x="651" y="247"/>
</points>
</Connector>
<Connector class="oracle.dbtools.crest.swingui.relational.TVFKRelation" oid="D68A9346-8684-FD80-8B8F-CA1D44D6DAB0" otype="FKIndexAssociation" vid_source="6DD84BDE-6BB1-D02F-B840-37D81554F1AE" vid_target="B978E4C1-E463-451A-EEE0-FCF514000281">
<hideElementsInCurrentOnly>false</hideElementsInCurrentOnly>
<backgroundColor>-16777216</backgroundColor>
<lineWidth>1</lineWidth>
<points>
<point x="212" y="278"/>
<point x="154" y="278"/>
</points>
</Connector>
</connectors>
</Diagram>